path	github_comparison	planned_action	reason	actual_resolution
.gitignore	same	KEEP_BASE	same bytes in reviewed archive and GitHub dev	SAME_BYTES_IN_BOTH
.gitlab-ci.yml	github_only	KEEP_BASE_UNLESS_REVIEWED	GitHub file absent from archive; preserve until reviewed	KEPT_GITHUB_BASE
.metadata	github_only	KEEP_BASE_UNLESS_REVIEWED	GitHub file absent from archive; preserve until reviewed	KEPT_GITHUB_BASE
.vscode/settings.json	github_only	KEEP_BASE_UNLESS_REVIEWED	GitHub file absent from archive; preserve until reviewed	KEPT_GITHUB_BASE
BUILD_APK.command	new	REVIEW_BUILD_DOC	local build or historical release document	COPIED_REVIEWED_ARCHIVE
CURRENT_STATUS.md	new	EXCLUDE_EVIDENCE	release status or environment evidence	NOT_IMPORTED_FROM_ARCHIVE
QA.md	new	EXCLUDE_EVIDENCE	release status or environment evidence	NOT_IMPORTED_FROM_ARCHIVE
README.md	same	KEEP_BASE	same bytes in reviewed archive and GitHub dev	SAME_BYTES_IN_BOTH
README_TRANSLATION.md	new	REVIEW_BUILD_DOC	local build or historical release document	NOT_IMPORTED_FROM_ARCHIVE
RELEASE_1_0_21.md	new	REVIEW_BUILD_DOC	local build or historical release document	NOT_IMPORTED_FROM_ARCHIVE
access-summary-current.json	new	EXCLUDE_EVIDENCE	release status or environment evidence	NOT_IMPORTED_FROM_ARCHIVE
analysis_options.yaml	same	KEEP_BASE	same bytes in reviewed archive and GitHub dev	SAME_BYTES_IN_BOTH
android/.gitignore	same	KEEP_BASE	same bytes in reviewed archive and GitHub dev	SAME_BYTES_IN_BOTH
android/RESULT.md	new	EXCLUDE_EVIDENCE	device evidence from release archive	NOT_IMPORTED_FROM_ARCHIVE
android/account_switch.json	new	EXCLUDE_EVIDENCE	device evidence from release archive	NOT_IMPORTED_FROM_ARCHIVE
android/after_b_login.json	new	EXCLUDE_EVIDENCE	device evidence from release archive	NOT_IMPORTED_FROM_ARCHIVE
android/after_geo_save.json	new	EXCLUDE_EVIDENCE	device evidence from release archive	NOT_IMPORTED_FROM_ARCHIVE
android/after_reactions.json	new	EXCLUDE_EVIDENCE	device evidence from release archive	NOT_IMPORTED_FROM_ARCHIVE
android/apk_binding.json	new	EXCLUDE_EVIDENCE	device evidence from release archive	NOT_IMPORTED_FROM_ARCHIVE
android/app/.cxx/Debug/1jh3g601/arm64-v8a/.cmake/api/v1/query/client-agp/cache-v2	github_only	REMOVE_GENERATED_FROM_TARGET	tracked local Android CMake build output absent from reviewed source archive	DELETED_GENERATED_NATIVE_OUTPUT
android/app/.cxx/Debug/1jh3g601/arm64-v8a/.cmake/api/v1/query/client-agp/cmakeFiles-v1	github_only	REMOVE_GENERATED_FROM_TARGET	tracked local Android CMake build output absent from reviewed source archive	DELETED_GENERATED_NATIVE_OUTPUT
android/app/.cxx/Debug/1jh3g601/arm64-v8a/.cmake/api/v1/query/client-agp/codemodel-v2	github_only	REMOVE_GENERATED_FROM_TARGET	tracked local Android CMake build output absent from reviewed source archive	DELETED_GENERATED_NATIVE_OUTPUT
android/app/.cxx/Debug/1jh3g601/arm64-v8a/.cmake/api/v1/reply/cache-v2-ad6559724248c097fe11.json	github_only	REMOVE_GENERATED_FROM_TARGET	tracked local Android CMake build output absent from reviewed source archive	DELETED_GENERATED_NATIVE_OUTPUT
android/app/.cxx/Debug/1jh3g601/arm64-v8a/.cmake/api/v1/reply/cmakeFiles-v1-0abe874ebb021c4ff344.json	github_only	REMOVE_GENERATED_FROM_TARGET	tracked local Android CMake build output absent from reviewed source archive	DELETED_GENERATED_NATIVE_OUTPUT
android/app/.cxx/Debug/1jh3g601/arm64-v8a/.cmake/api/v1/reply/codemodel-v2-a4db4536b9b9e57f4cc8.json	github_only	REMOVE_GENERATED_FROM_TARGET	tracked local Android CMake build output absent from reviewed source archive	DELETED_GENERATED_NATIVE_OUTPUT
android/app/.cxx/Debug/1jh3g601/arm64-v8a/.cmake/api/v1/reply/directory-.-Debug-f5ebdc15457944623624.json	github_only	REMOVE_GENERATED_FROM_TARGET	tracked local Android CMake build output absent from reviewed source archive	DELETED_GENERATED_NATIVE_OUTPUT
android/app/.cxx/Debug/1jh3g601/arm64-v8a/.cmake/api/v1/reply/index-2025-03-15T13-50-01-0130.json	github_only	REMOVE_GENERATED_FROM_TARGET	tracked local Android CMake build output absent from reviewed source archive	DELETED_GENERATED_NATIVE_OUTPUT
android/app/.cxx/Debug/1jh3g601/arm64-v8a/CMakeCache.txt	github_only	REMOVE_GENERATED_FROM_TARGET	tracked local Android CMake build output absent from reviewed source archive	DELETED_GENERATED_NATIVE_OUTPUT
android/app/.cxx/Debug/1jh3g601/arm64-v8a/CMakeFiles/3.22.1-g37088a8/CMakeCCompiler.cmake	github_only	REMOVE_GENERATED_FROM_TARGET	tracked local Android CMake build output absent from reviewed source archive	DELETED_GENERATED_NATIVE_OUTPUT
android/app/.cxx/Debug/1jh3g601/arm64-v8a/CMakeFiles/3.22.1-g37088a8/CMakeCXXCompiler.cmake	github_only	REMOVE_GENERATED_FROM_TARGET	tracked local Android CMake build output absent from reviewed source archive	DELETED_GENERATED_NATIVE_OUTPUT
android/app/.cxx/Debug/1jh3g601/arm64-v8a/CMakeFiles/3.22.1-g37088a8/CMakeDetermineCompilerABI_C.bin	github_only	REMOVE_GENERATED_FROM_TARGET	tracked local Android CMake build output absent from reviewed source archive	DELETED_GENERATED_NATIVE_OUTPUT
android/app/.cxx/Debug/1jh3g601/arm64-v8a/CMakeFiles/3.22.1-g37088a8/CMakeDetermineCompilerABI_CXX.bin	github_only	REMOVE_GENERATED_FROM_TARGET	tracked local Android CMake build output absent from reviewed source archive	DELETED_GENERATED_NATIVE_OUTPUT
android/app/.cxx/Debug/1jh3g601/arm64-v8a/CMakeFiles/3.22.1-g37088a8/CMakeSystem.cmake	github_only	REMOVE_GENERATED_FROM_TARGET	tracked local Android CMake build output absent from reviewed source archive	DELETED_GENERATED_NATIVE_OUTPUT
android/app/.cxx/Debug/1jh3g601/arm64-v8a/CMakeFiles/3.22.1-g37088a8/CompilerIdC/CMakeCCompilerId.c	github_only	REMOVE_GENERATED_FROM_TARGET	tracked local Android CMake build output absent from reviewed source archive	DELETED_GENERATED_NATIVE_OUTPUT
android/app/.cxx/Debug/1jh3g601/arm64-v8a/CMakeFiles/3.22.1-g37088a8/CompilerIdC/CMakeCCompilerId.o	github_only	REMOVE_GENERATED_FROM_TARGET	tracked local Android CMake build output absent from reviewed source archive	DELETED_GENERATED_NATIVE_OUTPUT
android/app/.cxx/Debug/1jh3g601/arm64-v8a/CMakeFiles/3.22.1-g37088a8/CompilerIdCXX/CMakeCXXCompilerId.cpp	github_only	REMOVE_GENERATED_FROM_TARGET	tracked local Android CMake build output absent from reviewed source archive	DELETED_GENERATED_NATIVE_OUTPUT
android/app/.cxx/Debug/1jh3g601/arm64-v8a/CMakeFiles/3.22.1-g37088a8/CompilerIdCXX/CMakeCXXCompilerId.o	github_only	REMOVE_GENERATED_FROM_TARGET	tracked local Android CMake build output absent from reviewed source archive	DELETED_GENERATED_NATIVE_OUTPUT
android/app/.cxx/Debug/1jh3g601/arm64-v8a/CMakeFiles/TargetDirectories.txt	github_only	REMOVE_GENERATED_FROM_TARGET	tracked local Android CMake build output absent from reviewed source archive	DELETED_GENERATED_NATIVE_OUTPUT
android/app/.cxx/Debug/1jh3g601/arm64-v8a/CMakeFiles/cmake.check_cache	github_only	REMOVE_GENERATED_FROM_TARGET	tracked local Android CMake build output absent from reviewed source archive	DELETED_GENERATED_NATIVE_OUTPUT
android/app/.cxx/Debug/1jh3g601/arm64-v8a/CMakeFiles/rules.ninja	github_only	REMOVE_GENERATED_FROM_TARGET	tracked local Android CMake build output absent from reviewed source archive	DELETED_GENERATED_NATIVE_OUTPUT
android/app/.cxx/Debug/1jh3g601/arm64-v8a/additional_project_files.txt	github_only	REMOVE_GENERATED_FROM_TARGET	tracked local Android CMake build output absent from reviewed source archive	DELETED_GENERATED_NATIVE_OUTPUT
android/app/.cxx/Debug/1jh3g601/arm64-v8a/android_gradle_build.json	github_only	REMOVE_GENERATED_FROM_TARGET	tracked local Android CMake build output absent from reviewed source archive	DELETED_GENERATED_NATIVE_OUTPUT
android/app/.cxx/Debug/1jh3g601/arm64-v8a/android_gradle_build_mini.json	github_only	REMOVE_GENERATED_FROM_TARGET	tracked local Android CMake build output absent from reviewed source archive	DELETED_GENERATED_NATIVE_OUTPUT
android/app/.cxx/Debug/1jh3g601/arm64-v8a/build.ninja	github_only	REMOVE_GENERATED_FROM_TARGET	tracked local Android CMake build output absent from reviewed source archive	DELETED_GENERATED_NATIVE_OUTPUT
android/app/.cxx/Debug/1jh3g601/arm64-v8a/build_file_index.txt	github_only	REMOVE_GENERATED_FROM_TARGET	tracked local Android CMake build output absent from reviewed source archive	DELETED_GENERATED_NATIVE_OUTPUT
android/app/.cxx/Debug/1jh3g601/arm64-v8a/cmake_install.cmake	github_only	REMOVE_GENERATED_FROM_TARGET	tracked local Android CMake build output absent from reviewed source archive	DELETED_GENERATED_NATIVE_OUTPUT
android/app/.cxx/Debug/1jh3g601/arm64-v8a/configure_fingerprint.bin	github_only	REMOVE_GENERATED_FROM_TARGET	tracked local Android CMake build output absent from reviewed source archive	DELETED_GENERATED_NATIVE_OUTPUT
android/app/.cxx/Debug/1jh3g601/arm64-v8a/metadata_generation_command.txt	github_only	REMOVE_GENERATED_FROM_TARGET	tracked local Android CMake build output absent from reviewed source archive	DELETED_GENERATED_NATIVE_OUTPUT
android/app/.cxx/Debug/1jh3g601/arm64-v8a/prefab_config.json	github_only	REMOVE_GENERATED_FROM_TARGET	tracked local Android CMake build output absent from reviewed source archive	DELETED_GENERATED_NATIVE_OUTPUT
android/app/.cxx/Debug/1jh3g601/arm64-v8a/symbol_folder_index.txt	github_only	REMOVE_GENERATED_FROM_TARGET	tracked local Android CMake build output absent from reviewed source archive	DELETED_GENERATED_NATIVE_OUTPUT
android/app/.cxx/Debug/1jh3g601/armeabi-v7a/.cmake/api/v1/query/client-agp/cache-v2	github_only	REMOVE_GENERATED_FROM_TARGET	tracked local Android CMake build output absent from reviewed source archive	DELETED_GENERATED_NATIVE_OUTPUT
android/app/.cxx/Debug/1jh3g601/armeabi-v7a/.cmake/api/v1/query/client-agp/cmakeFiles-v1	github_only	REMOVE_GENERATED_FROM_TARGET	tracked local Android CMake build output absent from reviewed source archive	DELETED_GENERATED_NATIVE_OUTPUT
android/app/.cxx/Debug/1jh3g601/armeabi-v7a/.cmake/api/v1/query/client-agp/codemodel-v2	github_only	REMOVE_GENERATED_FROM_TARGET	tracked local Android CMake build output absent from reviewed source archive	DELETED_GENERATED_NATIVE_OUTPUT
android/app/.cxx/Debug/1jh3g601/armeabi-v7a/.cmake/api/v1/reply/cache-v2-df6cc965466c9b005b7b.json	github_only	REMOVE_GENERATED_FROM_TARGET	tracked local Android CMake build output absent from reviewed source archive	DELETED_GENERATED_NATIVE_OUTPUT
android/app/.cxx/Debug/1jh3g601/armeabi-v7a/.cmake/api/v1/reply/cmakeFiles-v1-f55e0b1d35107051d583.json	github_only	REMOVE_GENERATED_FROM_TARGET	tracked local Android CMake build output absent from reviewed source archive	DELETED_GENERATED_NATIVE_OUTPUT
android/app/.cxx/Debug/1jh3g601/armeabi-v7a/.cmake/api/v1/reply/codemodel-v2-2798a01aff020319cdb9.json	github_only	REMOVE_GENERATED_FROM_TARGET	tracked local Android CMake build output absent from reviewed source archive	DELETED_GENERATED_NATIVE_OUTPUT
android/app/.cxx/Debug/1jh3g601/armeabi-v7a/.cmake/api/v1/reply/directory-.-Debug-f5ebdc15457944623624.json	github_only	REMOVE_GENERATED_FROM_TARGET	tracked local Android CMake build output absent from reviewed source archive	DELETED_GENERATED_NATIVE_OUTPUT
android/app/.cxx/Debug/1jh3g601/armeabi-v7a/.cmake/api/v1/reply/index-2025-03-15T13-50-01-0806.json	github_only	REMOVE_GENERATED_FROM_TARGET	tracked local Android CMake build output absent from reviewed source archive	DELETED_GENERATED_NATIVE_OUTPUT
android/app/.cxx/Debug/1jh3g601/armeabi-v7a/CMakeCache.txt	github_only	REMOVE_GENERATED_FROM_TARGET	tracked local Android CMake build output absent from reviewed source archive	DELETED_GENERATED_NATIVE_OUTPUT
android/app/.cxx/Debug/1jh3g601/armeabi-v7a/CMakeFiles/3.22.1-g37088a8/CMakeCCompiler.cmake	github_only	REMOVE_GENERATED_FROM_TARGET	tracked local Android CMake build output absent from reviewed source archive	DELETED_GENERATED_NATIVE_OUTPUT
android/app/.cxx/Debug/1jh3g601/armeabi-v7a/CMakeFiles/3.22.1-g37088a8/CMakeCXXCompiler.cmake	github_only	REMOVE_GENERATED_FROM_TARGET	tracked local Android CMake build output absent from reviewed source archive	DELETED_GENERATED_NATIVE_OUTPUT
android/app/.cxx/Debug/1jh3g601/armeabi-v7a/CMakeFiles/3.22.1-g37088a8/CMakeDetermineCompilerABI_C.bin	github_only	REMOVE_GENERATED_FROM_TARGET	tracked local Android CMake build output absent from reviewed source archive	DELETED_GENERATED_NATIVE_OUTPUT
android/app/.cxx/Debug/1jh3g601/armeabi-v7a/CMakeFiles/3.22.1-g37088a8/CMakeDetermineCompilerABI_CXX.bin	github_only	REMOVE_GENERATED_FROM_TARGET	tracked local Android CMake build output absent from reviewed source archive	DELETED_GENERATED_NATIVE_OUTPUT
android/app/.cxx/Debug/1jh3g601/armeabi-v7a/CMakeFiles/3.22.1-g37088a8/CMakeSystem.cmake	github_only	REMOVE_GENERATED_FROM_TARGET	tracked local Android CMake build output absent from reviewed source archive	DELETED_GENERATED_NATIVE_OUTPUT
android/app/.cxx/Debug/1jh3g601/armeabi-v7a/CMakeFiles/3.22.1-g37088a8/CompilerIdC/CMakeCCompilerId.c	github_only	REMOVE_GENERATED_FROM_TARGET	tracked local Android CMake build output absent from reviewed source archive	DELETED_GENERATED_NATIVE_OUTPUT
android/app/.cxx/Debug/1jh3g601/armeabi-v7a/CMakeFiles/3.22.1-g37088a8/CompilerIdC/CMakeCCompilerId.o	github_only	REMOVE_GENERATED_FROM_TARGET	tracked local Android CMake build output absent from reviewed source archive	DELETED_GENERATED_NATIVE_OUTPUT
android/app/.cxx/Debug/1jh3g601/armeabi-v7a/CMakeFiles/3.22.1-g37088a8/CompilerIdCXX/CMakeCXXCompilerId.cpp	github_only	REMOVE_GENERATED_FROM_TARGET	tracked local Android CMake build output absent from reviewed source archive	DELETED_GENERATED_NATIVE_OUTPUT
android/app/.cxx/Debug/1jh3g601/armeabi-v7a/CMakeFiles/3.22.1-g37088a8/CompilerIdCXX/CMakeCXXCompilerId.o	github_only	REMOVE_GENERATED_FROM_TARGET	tracked local Android CMake build output absent from reviewed source archive	DELETED_GENERATED_NATIVE_OUTPUT
android/app/.cxx/Debug/1jh3g601/armeabi-v7a/CMakeFiles/TargetDirectories.txt	github_only	REMOVE_GENERATED_FROM_TARGET	tracked local Android CMake build output absent from reviewed source archive	DELETED_GENERATED_NATIVE_OUTPUT
android/app/.cxx/Debug/1jh3g601/armeabi-v7a/CMakeFiles/cmake.check_cache	github_only	REMOVE_GENERATED_FROM_TARGET	tracked local Android CMake build output absent from reviewed source archive	DELETED_GENERATED_NATIVE_OUTPUT
android/app/.cxx/Debug/1jh3g601/armeabi-v7a/CMakeFiles/rules.ninja	github_only	REMOVE_GENERATED_FROM_TARGET	tracked local Android CMake build output absent from reviewed source archive	DELETED_GENERATED_NATIVE_OUTPUT
android/app/.cxx/Debug/1jh3g601/armeabi-v7a/additional_project_files.txt	github_only	REMOVE_GENERATED_FROM_TARGET	tracked local Android CMake build output absent from reviewed source archive	DELETED_GENERATED_NATIVE_OUTPUT
android/app/.cxx/Debug/1jh3g601/armeabi-v7a/android_gradle_build.json	github_only	REMOVE_GENERATED_FROM_TARGET	tracked local Android CMake build output absent from reviewed source archive	DELETED_GENERATED_NATIVE_OUTPUT
android/app/.cxx/Debug/1jh3g601/armeabi-v7a/android_gradle_build_mini.json	github_only	REMOVE_GENERATED_FROM_TARGET	tracked local Android CMake build output absent from reviewed source archive	DELETED_GENERATED_NATIVE_OUTPUT
android/app/.cxx/Debug/1jh3g601/armeabi-v7a/build.ninja	github_only	REMOVE_GENERATED_FROM_TARGET	tracked local Android CMake build output absent from reviewed source archive	DELETED_GENERATED_NATIVE_OUTPUT
android/app/.cxx/Debug/1jh3g601/armeabi-v7a/build_file_index.txt	github_only	REMOVE_GENERATED_FROM_TARGET	tracked local Android CMake build output absent from reviewed source archive	DELETED_GENERATED_NATIVE_OUTPUT
android/app/.cxx/Debug/1jh3g601/armeabi-v7a/cmake_install.cmake	github_only	REMOVE_GENERATED_FROM_TARGET	tracked local Android CMake build output absent from reviewed source archive	DELETED_GENERATED_NATIVE_OUTPUT
android/app/.cxx/Debug/1jh3g601/armeabi-v7a/configure_fingerprint.bin	github_only	REMOVE_GENERATED_FROM_TARGET	tracked local Android CMake build output absent from reviewed source archive	DELETED_GENERATED_NATIVE_OUTPUT
android/app/.cxx/Debug/1jh3g601/armeabi-v7a/metadata_generation_command.txt	github_only	REMOVE_GENERATED_FROM_TARGET	tracked local Android CMake build output absent from reviewed source archive	DELETED_GENERATED_NATIVE_OUTPUT
android/app/.cxx/Debug/1jh3g601/armeabi-v7a/prefab_config.json	github_only	REMOVE_GENERATED_FROM_TARGET	tracked local Android CMake build output absent from reviewed source archive	DELETED_GENERATED_NATIVE_OUTPUT
android/app/.cxx/Debug/1jh3g601/armeabi-v7a/symbol_folder_index.txt	github_only	REMOVE_GENERATED_FROM_TARGET	tracked local Android CMake build output absent from reviewed source archive	DELETED_GENERATED_NATIVE_OUTPUT
android/app/.cxx/Debug/1jh3g601/hash_key.txt	github_only	REMOVE_GENERATED_FROM_TARGET	tracked local Android CMake build output absent from reviewed source archive	DELETED_GENERATED_NATIVE_OUTPUT
android/app/.cxx/Debug/1jh3g601/x86/.cmake/api/v1/query/client-agp/cache-v2	github_only	REMOVE_GENERATED_FROM_TARGET	tracked local Android CMake build output absent from reviewed source archive	DELETED_GENERATED_NATIVE_OUTPUT
android/app/.cxx/Debug/1jh3g601/x86/.cmake/api/v1/query/client-agp/cmakeFiles-v1	github_only	REMOVE_GENERATED_FROM_TARGET	tracked local Android CMake build output absent from reviewed source archive	DELETED_GENERATED_NATIVE_OUTPUT
android/app/.cxx/Debug/1jh3g601/x86/.cmake/api/v1/query/client-agp/codemodel-v2	github_only	REMOVE_GENERATED_FROM_TARGET	tracked local Android CMake build output absent from reviewed source archive	DELETED_GENERATED_NATIVE_OUTPUT
android/app/.cxx/Debug/1jh3g601/x86/.cmake/api/v1/reply/cache-v2-1670083d84dac73a0c25.json	github_only	REMOVE_GENERATED_FROM_TARGET	tracked local Android CMake build output absent from reviewed source archive	DELETED_GENERATED_NATIVE_OUTPUT
android/app/.cxx/Debug/1jh3g601/x86/.cmake/api/v1/reply/cmakeFiles-v1-789c58c0ff9c13f02711.json	github_only	REMOVE_GENERATED_FROM_TARGET	tracked local Android CMake build output absent from reviewed source archive	DELETED_GENERATED_NATIVE_OUTPUT
android/app/.cxx/Debug/1jh3g601/x86/.cmake/api/v1/reply/codemodel-v2-e53b9db1aba19b63df9c.json	github_only	REMOVE_GENERATED_FROM_TARGET	tracked local Android CMake build output absent from reviewed source archive	DELETED_GENERATED_NATIVE_OUTPUT
android/app/.cxx/Debug/1jh3g601/x86/.cmake/api/v1/reply/directory-.-Debug-f5ebdc15457944623624.json	github_only	REMOVE_GENERATED_FROM_TARGET	tracked local Android CMake build output absent from reviewed source archive	DELETED_GENERATED_NATIVE_OUTPUT
android/app/.cxx/Debug/1jh3g601/x86/.cmake/api/v1/reply/index-2025-03-15T13-50-02-0369.json	github_only	REMOVE_GENERATED_FROM_TARGET	tracked local Android CMake build output absent from reviewed source archive	DELETED_GENERATED_NATIVE_OUTPUT
android/app/.cxx/Debug/1jh3g601/x86/CMakeCache.txt	github_only	REMOVE_GENERATED_FROM_TARGET	tracked local Android CMake build output absent from reviewed source archive	DELETED_GENERATED_NATIVE_OUTPUT
android/app/.cxx/Debug/1jh3g601/x86/CMakeFiles/3.22.1-g37088a8/CMakeCCompiler.cmake	github_only	REMOVE_GENERATED_FROM_TARGET	tracked local Android CMake build output absent from reviewed source archive	DELETED_GENERATED_NATIVE_OUTPUT
android/app/.cxx/Debug/1jh3g601/x86/CMakeFiles/3.22.1-g37088a8/CMakeCXXCompiler.cmake	github_only	REMOVE_GENERATED_FROM_TARGET	tracked local Android CMake build output absent from reviewed source archive	DELETED_GENERATED_NATIVE_OUTPUT
android/app/.cxx/Debug/1jh3g601/x86/CMakeFiles/3.22.1-g37088a8/CMakeDetermineCompilerABI_C.bin	github_only	REMOVE_GENERATED_FROM_TARGET	tracked local Android CMake build output absent from reviewed source archive	DELETED_GENERATED_NATIVE_OUTPUT
android/app/.cxx/Debug/1jh3g601/x86/CMakeFiles/3.22.1-g37088a8/CMakeDetermineCompilerABI_CXX.bin	github_only	REMOVE_GENERATED_FROM_TARGET	tracked local Android CMake build output absent from reviewed source archive	DELETED_GENERATED_NATIVE_OUTPUT
android/app/.cxx/Debug/1jh3g601/x86/CMakeFiles/3.22.1-g37088a8/CMakeSystem.cmake	github_only	REMOVE_GENERATED_FROM_TARGET	tracked local Android CMake build output absent from reviewed source archive	DELETED_GENERATED_NATIVE_OUTPUT
android/app/.cxx/Debug/1jh3g601/x86/CMakeFiles/3.22.1-g37088a8/CompilerIdC/CMakeCCompilerId.c	github_only	REMOVE_GENERATED_FROM_TARGET	tracked local Android CMake build output absent from reviewed source archive	DELETED_GENERATED_NATIVE_OUTPUT
android/app/.cxx/Debug/1jh3g601/x86/CMakeFiles/3.22.1-g37088a8/CompilerIdC/CMakeCCompilerId.o	github_only	REMOVE_GENERATED_FROM_TARGET	tracked local Android CMake build output absent from reviewed source archive	DELETED_GENERATED_NATIVE_OUTPUT
android/app/.cxx/Debug/1jh3g601/x86/CMakeFiles/3.22.1-g37088a8/CompilerIdCXX/CMakeCXXCompilerId.cpp	github_only	REMOVE_GENERATED_FROM_TARGET	tracked local Android CMake build output absent from reviewed source archive	DELETED_GENERATED_NATIVE_OUTPUT
android/app/.cxx/Debug/1jh3g601/x86/CMakeFiles/3.22.1-g37088a8/CompilerIdCXX/CMakeCXXCompilerId.o	github_only	REMOVE_GENERATED_FROM_TARGET	tracked local Android CMake build output absent from reviewed source archive	DELETED_GENERATED_NATIVE_OUTPUT
android/app/.cxx/Debug/1jh3g601/x86/CMakeFiles/TargetDirectories.txt	github_only	REMOVE_GENERATED_FROM_TARGET	tracked local Android CMake build output absent from reviewed source archive	DELETED_GENERATED_NATIVE_OUTPUT
android/app/.cxx/Debug/1jh3g601/x86/CMakeFiles/cmake.check_cache	github_only	REMOVE_GENERATED_FROM_TARGET	tracked local Android CMake build output absent from reviewed source archive	DELETED_GENERATED_NATIVE_OUTPUT
android/app/.cxx/Debug/1jh3g601/x86/CMakeFiles/rules.ninja	github_only	REMOVE_GENERATED_FROM_TARGET	tracked local Android CMake build output absent from reviewed source archive	DELETED_GENERATED_NATIVE_OUTPUT
android/app/.cxx/Debug/1jh3g601/x86/additional_project_files.txt	github_only	REMOVE_GENERATED_FROM_TARGET	tracked local Android CMake build output absent from reviewed source archive	DELETED_GENERATED_NATIVE_OUTPUT
android/app/.cxx/Debug/1jh3g601/x86/android_gradle_build.json	github_only	REMOVE_GENERATED_FROM_TARGET	tracked local Android CMake build output absent from reviewed source archive	DELETED_GENERATED_NATIVE_OUTPUT
android/app/.cxx/Debug/1jh3g601/x86/android_gradle_build_mini.json	github_only	REMOVE_GENERATED_FROM_TARGET	tracked local Android CMake build output absent from reviewed source archive	DELETED_GENERATED_NATIVE_OUTPUT
android/app/.cxx/Debug/1jh3g601/x86/build.ninja	github_only	REMOVE_GENERATED_FROM_TARGET	tracked local Android CMake build output absent from reviewed source archive	DELETED_GENERATED_NATIVE_OUTPUT
android/app/.cxx/Debug/1jh3g601/x86/build_file_index.txt	github_only	REMOVE_GENERATED_FROM_TARGET	tracked local Android CMake build output absent from reviewed source archive	DELETED_GENERATED_NATIVE_OUTPUT
android/app/.cxx/Debug/1jh3g601/x86/cmake_install.cmake	github_only	REMOVE_GENERATED_FROM_TARGET	tracked local Android CMake build output absent from reviewed source archive	DELETED_GENERATED_NATIVE_OUTPUT
android/app/.cxx/Debug/1jh3g601/x86/configure_fingerprint.bin	github_only	REMOVE_GENERATED_FROM_TARGET	tracked local Android CMake build output absent from reviewed source archive	DELETED_GENERATED_NATIVE_OUTPUT
android/app/.cxx/Debug/1jh3g601/x86/metadata_generation_command.txt	github_only	REMOVE_GENERATED_FROM_TARGET	tracked local Android CMake build output absent from reviewed source archive	DELETED_GENERATED_NATIVE_OUTPUT
android/app/.cxx/Debug/1jh3g601/x86/prefab_config.json	github_only	REMOVE_GENERATED_FROM_TARGET	tracked local Android CMake build output absent from reviewed source archive	DELETED_GENERATED_NATIVE_OUTPUT
android/app/.cxx/Debug/1jh3g601/x86/symbol_folder_index.txt	github_only	REMOVE_GENERATED_FROM_TARGET	tracked local Android CMake build output absent from reviewed source archive	DELETED_GENERATED_NATIVE_OUTPUT
android/app/.cxx/Debug/1jh3g601/x86_64/.cmake/api/v1/query/client-agp/cache-v2	github_only	REMOVE_GENERATED_FROM_TARGET	tracked local Android CMake build output absent from reviewed source archive	DELETED_GENERATED_NATIVE_OUTPUT
android/app/.cxx/Debug/1jh3g601/x86_64/.cmake/api/v1/query/client-agp/cmakeFiles-v1	github_only	REMOVE_GENERATED_FROM_TARGET	tracked local Android CMake build output absent from reviewed source archive	DELETED_GENERATED_NATIVE_OUTPUT
android/app/.cxx/Debug/1jh3g601/x86_64/.cmake/api/v1/query/client-agp/codemodel-v2	github_only	REMOVE_GENERATED_FROM_TARGET	tracked local Android CMake build output absent from reviewed source archive	DELETED_GENERATED_NATIVE_OUTPUT
android/app/.cxx/Debug/1jh3g601/x86_64/.cmake/api/v1/reply/cache-v2-7cd400a23379dc84cc63.json	github_only	REMOVE_GENERATED_FROM_TARGET	tracked local Android CMake build output absent from reviewed source archive	DELETED_GENERATED_NATIVE_OUTPUT
android/app/.cxx/Debug/1jh3g601/x86_64/.cmake/api/v1/reply/cmakeFiles-v1-1a937c2d3c322bf6b779.json	github_only	REMOVE_GENERATED_FROM_TARGET	tracked local Android CMake build output absent from reviewed source archive	DELETED_GENERATED_NATIVE_OUTPUT
android/app/.cxx/Debug/1jh3g601/x86_64/.cmake/api/v1/reply/codemodel-v2-54debeb525a9f82bb6a3.json	github_only	REMOVE_GENERATED_FROM_TARGET	tracked local Android CMake build output absent from reviewed source archive	DELETED_GENERATED_NATIVE_OUTPUT
android/app/.cxx/Debug/1jh3g601/x86_64/.cmake/api/v1/reply/directory-.-Debug-f5ebdc15457944623624.json	github_only	REMOVE_GENERATED_FROM_TARGET	tracked local Android CMake build output absent from reviewed source archive	DELETED_GENERATED_NATIVE_OUTPUT
android/app/.cxx/Debug/1jh3g601/x86_64/.cmake/api/v1/reply/index-2025-03-15T13-50-02-0950.json	github_only	REMOVE_GENERATED_FROM_TARGET	tracked local Android CMake build output absent from reviewed source archive	DELETED_GENERATED_NATIVE_OUTPUT
android/app/.cxx/Debug/1jh3g601/x86_64/CMakeCache.txt	github_only	REMOVE_GENERATED_FROM_TARGET	tracked local Android CMake build output absent from reviewed source archive	DELETED_GENERATED_NATIVE_OUTPUT
android/app/.cxx/Debug/1jh3g601/x86_64/CMakeFiles/3.22.1-g37088a8/CMakeCCompiler.cmake	github_only	REMOVE_GENERATED_FROM_TARGET	tracked local Android CMake build output absent from reviewed source archive	DELETED_GENERATED_NATIVE_OUTPUT
android/app/.cxx/Debug/1jh3g601/x86_64/CMakeFiles/3.22.1-g37088a8/CMakeCXXCompiler.cmake	github_only	REMOVE_GENERATED_FROM_TARGET	tracked local Android CMake build output absent from reviewed source archive	DELETED_GENERATED_NATIVE_OUTPUT
android/app/.cxx/Debug/1jh3g601/x86_64/CMakeFiles/3.22.1-g37088a8/CMakeDetermineCompilerABI_C.bin	github_only	REMOVE_GENERATED_FROM_TARGET	tracked local Android CMake build output absent from reviewed source archive	DELETED_GENERATED_NATIVE_OUTPUT
android/app/.cxx/Debug/1jh3g601/x86_64/CMakeFiles/3.22.1-g37088a8/CMakeDetermineCompilerABI_CXX.bin	github_only	REMOVE_GENERATED_FROM_TARGET	tracked local Android CMake build output absent from reviewed source archive	DELETED_GENERATED_NATIVE_OUTPUT
android/app/.cxx/Debug/1jh3g601/x86_64/CMakeFiles/3.22.1-g37088a8/CMakeSystem.cmake	github_only	REMOVE_GENERATED_FROM_TARGET	tracked local Android CMake build output absent from reviewed source archive	DELETED_GENERATED_NATIVE_OUTPUT
android/app/.cxx/Debug/1jh3g601/x86_64/CMakeFiles/3.22.1-g37088a8/CompilerIdC/CMakeCCompilerId.c	github_only	REMOVE_GENERATED_FROM_TARGET	tracked local Android CMake build output absent from reviewed source archive	DELETED_GENERATED_NATIVE_OUTPUT
android/app/.cxx/Debug/1jh3g601/x86_64/CMakeFiles/3.22.1-g37088a8/CompilerIdC/CMakeCCompilerId.o	github_only	REMOVE_GENERATED_FROM_TARGET	tracked local Android CMake build output absent from reviewed source archive	DELETED_GENERATED_NATIVE_OUTPUT
android/app/.cxx/Debug/1jh3g601/x86_64/CMakeFiles/3.22.1-g37088a8/CompilerIdCXX/CMakeCXXCompilerId.cpp	github_only	REMOVE_GENERATED_FROM_TARGET	tracked local Android CMake build output absent from reviewed source archive	DELETED_GENERATED_NATIVE_OUTPUT
android/app/.cxx/Debug/1jh3g601/x86_64/CMakeFiles/3.22.1-g37088a8/CompilerIdCXX/CMakeCXXCompilerId.o	github_only	REMOVE_GENERATED_FROM_TARGET	tracked local Android CMake build output absent from reviewed source archive	DELETED_GENERATED_NATIVE_OUTPUT
android/app/.cxx/Debug/1jh3g601/x86_64/CMakeFiles/TargetDirectories.txt	github_only	REMOVE_GENERATED_FROM_TARGET	tracked local Android CMake build output absent from reviewed source archive	DELETED_GENERATED_NATIVE_OUTPUT
android/app/.cxx/Debug/1jh3g601/x86_64/CMakeFiles/cmake.check_cache	github_only	REMOVE_GENERATED_FROM_TARGET	tracked local Android CMake build output absent from reviewed source archive	DELETED_GENERATED_NATIVE_OUTPUT
android/app/.cxx/Debug/1jh3g601/x86_64/CMakeFiles/rules.ninja	github_only	REMOVE_GENERATED_FROM_TARGET	tracked local Android CMake build output absent from reviewed source archive	DELETED_GENERATED_NATIVE_OUTPUT
android/app/.cxx/Debug/1jh3g601/x86_64/additional_project_files.txt	github_only	REMOVE_GENERATED_FROM_TARGET	tracked local Android CMake build output absent from reviewed source archive	DELETED_GENERATED_NATIVE_OUTPUT
android/app/.cxx/Debug/1jh3g601/x86_64/android_gradle_build.json	github_only	REMOVE_GENERATED_FROM_TARGET	tracked local Android CMake build output absent from reviewed source archive	DELETED_GENERATED_NATIVE_OUTPUT
android/app/.cxx/Debug/1jh3g601/x86_64/android_gradle_build_mini.json	github_only	REMOVE_GENERATED_FROM_TARGET	tracked local Android CMake build output absent from reviewed source archive	DELETED_GENERATED_NATIVE_OUTPUT
android/app/.cxx/Debug/1jh3g601/x86_64/build.ninja	github_only	REMOVE_GENERATED_FROM_TARGET	tracked local Android CMake build output absent from reviewed source archive	DELETED_GENERATED_NATIVE_OUTPUT
android/app/.cxx/Debug/1jh3g601/x86_64/build_file_index.txt	github_only	REMOVE_GENERATED_FROM_TARGET	tracked local Android CMake build output absent from reviewed source archive	DELETED_GENERATED_NATIVE_OUTPUT
android/app/.cxx/Debug/1jh3g601/x86_64/cmake_install.cmake	github_only	REMOVE_GENERATED_FROM_TARGET	tracked local Android CMake build output absent from reviewed source archive	DELETED_GENERATED_NATIVE_OUTPUT
android/app/.cxx/Debug/1jh3g601/x86_64/configure_fingerprint.bin	github_only	REMOVE_GENERATED_FROM_TARGET	tracked local Android CMake build output absent from reviewed source archive	DELETED_GENERATED_NATIVE_OUTPUT
android/app/.cxx/Debug/1jh3g601/x86_64/metadata_generation_command.txt	github_only	REMOVE_GENERATED_FROM_TARGET	tracked local Android CMake build output absent from reviewed source archive	DELETED_GENERATED_NATIVE_OUTPUT
android/app/.cxx/Debug/1jh3g601/x86_64/prefab_config.json	github_only	REMOVE_GENERATED_FROM_TARGET	tracked local Android CMake build output absent from reviewed source archive	DELETED_GENERATED_NATIVE_OUTPUT
android/app/.cxx/Debug/1jh3g601/x86_64/symbol_folder_index.txt	github_only	REMOVE_GENERATED_FROM_TARGET	tracked local Android CMake build output absent from reviewed source archive	DELETED_GENERATED_NATIVE_OUTPUT
android/app/.cxx/Debug/70a564p5/arm64-v8a/.cmake/api/v1/query/client-agp/cache-v2	github_only	REMOVE_GENERATED_FROM_TARGET	tracked local Android CMake build output absent from reviewed source archive	DELETED_GENERATED_NATIVE_OUTPUT
android/app/.cxx/Debug/70a564p5/arm64-v8a/.cmake/api/v1/query/client-agp/cmakeFiles-v1	github_only	REMOVE_GENERATED_FROM_TARGET	tracked local Android CMake build output absent from reviewed source archive	DELETED_GENERATED_NATIVE_OUTPUT
android/app/.cxx/Debug/70a564p5/arm64-v8a/.cmake/api/v1/query/client-agp/codemodel-v2	github_only	REMOVE_GENERATED_FROM_TARGET	tracked local Android CMake build output absent from reviewed source archive	DELETED_GENERATED_NATIVE_OUTPUT
android/app/.cxx/Debug/70a564p5/arm64-v8a/.cmake/api/v1/reply/cache-v2-2a46fc32d7cf248508fc.json	github_only	REMOVE_GENERATED_FROM_TARGET	tracked local Android CMake build output absent from reviewed source archive	DELETED_GENERATED_NATIVE_OUTPUT
android/app/.cxx/Debug/70a564p5/arm64-v8a/.cmake/api/v1/reply/cmakeFiles-v1-c8cb69c709b7f0b6ef17.json	github_only	REMOVE_GENERATED_FROM_TARGET	tracked local Android CMake build output absent from reviewed source archive	DELETED_GENERATED_NATIVE_OUTPUT
android/app/.cxx/Debug/70a564p5/arm64-v8a/.cmake/api/v1/reply/codemodel-v2-e5f3d4484fc07fd30775.json	github_only	REMOVE_GENERATED_FROM_TARGET	tracked local Android CMake build output absent from reviewed source archive	DELETED_GENERATED_NATIVE_OUTPUT
android/app/.cxx/Debug/70a564p5/arm64-v8a/.cmake/api/v1/reply/directory-.-Debug-f5ebdc15457944623624.json	github_only	REMOVE_GENERATED_FROM_TARGET	tracked local Android CMake build output absent from reviewed source archive	DELETED_GENERATED_NATIVE_OUTPUT
android/app/.cxx/Debug/70a564p5/arm64-v8a/.cmake/api/v1/reply/index-2025-02-13T15-29-48-0182.json	github_only	REMOVE_GENERATED_FROM_TARGET	tracked local Android CMake build output absent from reviewed source archive	DELETED_GENERATED_NATIVE_OUTPUT
android/app/.cxx/Debug/70a564p5/arm64-v8a/CMakeCache.txt	github_only	REMOVE_GENERATED_FROM_TARGET	tracked local Android CMake build output absent from reviewed source archive	DELETED_GENERATED_NATIVE_OUTPUT
android/app/.cxx/Debug/70a564p5/arm64-v8a/CMakeFiles/3.22.1-g37088a8/CMakeCCompiler.cmake	github_only	REMOVE_GENERATED_FROM_TARGET	tracked local Android CMake build output absent from reviewed source archive	DELETED_GENERATED_NATIVE_OUTPUT
android/app/.cxx/Debug/70a564p5/arm64-v8a/CMakeFiles/3.22.1-g37088a8/CMakeCXXCompiler.cmake	github_only	REMOVE_GENERATED_FROM_TARGET	tracked local Android CMake build output absent from reviewed source archive	DELETED_GENERATED_NATIVE_OUTPUT
android/app/.cxx/Debug/70a564p5/arm64-v8a/CMakeFiles/3.22.1-g37088a8/CMakeDetermineCompilerABI_C.bin	github_only	REMOVE_GENERATED_FROM_TARGET	tracked local Android CMake build output absent from reviewed source archive	DELETED_GENERATED_NATIVE_OUTPUT
android/app/.cxx/Debug/70a564p5/arm64-v8a/CMakeFiles/3.22.1-g37088a8/CMakeDetermineCompilerABI_CXX.bin	github_only	REMOVE_GENERATED_FROM_TARGET	tracked local Android CMake build output absent from reviewed source archive	DELETED_GENERATED_NATIVE_OUTPUT
android/app/.cxx/Debug/70a564p5/arm64-v8a/CMakeFiles/3.22.1-g37088a8/CMakeSystem.cmake	github_only	REMOVE_GENERATED_FROM_TARGET	tracked local Android CMake build output absent from reviewed source archive	DELETED_GENERATED_NATIVE_OUTPUT
android/app/.cxx/Debug/70a564p5/arm64-v8a/CMakeFiles/3.22.1-g37088a8/CompilerIdC/CMakeCCompilerId.c	github_only	REMOVE_GENERATED_FROM_TARGET	tracked local Android CMake build output absent from reviewed source archive	DELETED_GENERATED_NATIVE_OUTPUT
android/app/.cxx/Debug/70a564p5/arm64-v8a/CMakeFiles/3.22.1-g37088a8/CompilerIdC/CMakeCCompilerId.o	github_only	REMOVE_GENERATED_FROM_TARGET	tracked local Android CMake build output absent from reviewed source archive	DELETED_GENERATED_NATIVE_OUTPUT
android/app/.cxx/Debug/70a564p5/arm64-v8a/CMakeFiles/3.22.1-g37088a8/CompilerIdCXX/CMakeCXXCompilerId.cpp	github_only	REMOVE_GENERATED_FROM_TARGET	tracked local Android CMake build output absent from reviewed source archive	DELETED_GENERATED_NATIVE_OUTPUT
android/app/.cxx/Debug/70a564p5/arm64-v8a/CMakeFiles/3.22.1-g37088a8/CompilerIdCXX/CMakeCXXCompilerId.o	github_only	REMOVE_GENERATED_FROM_TARGET	tracked local Android CMake build output absent from reviewed source archive	DELETED_GENERATED_NATIVE_OUTPUT
android/app/.cxx/Debug/70a564p5/arm64-v8a/CMakeFiles/TargetDirectories.txt	github_only	REMOVE_GENERATED_FROM_TARGET	tracked local Android CMake build output absent from reviewed source archive	DELETED_GENERATED_NATIVE_OUTPUT
android/app/.cxx/Debug/70a564p5/arm64-v8a/CMakeFiles/cmake.check_cache	github_only	REMOVE_GENERATED_FROM_TARGET	tracked local Android CMake build output absent from reviewed source archive	DELETED_GENERATED_NATIVE_OUTPUT
android/app/.cxx/Debug/70a564p5/arm64-v8a/CMakeFiles/rules.ninja	github_only	REMOVE_GENERATED_FROM_TARGET	tracked local Android CMake build output absent from reviewed source archive	DELETED_GENERATED_NATIVE_OUTPUT
android/app/.cxx/Debug/70a564p5/arm64-v8a/additional_project_files.txt	github_only	REMOVE_GENERATED_FROM_TARGET	tracked local Android CMake build output absent from reviewed source archive	DELETED_GENERATED_NATIVE_OUTPUT
android/app/.cxx/Debug/70a564p5/arm64-v8a/android_gradle_build.json	github_only	REMOVE_GENERATED_FROM_TARGET	tracked local Android CMake build output absent from reviewed source archive	DELETED_GENERATED_NATIVE_OUTPUT
android/app/.cxx/Debug/70a564p5/arm64-v8a/android_gradle_build_mini.json	github_only	REMOVE_GENERATED_FROM_TARGET	tracked local Android CMake build output absent from reviewed source archive	DELETED_GENERATED_NATIVE_OUTPUT
android/app/.cxx/Debug/70a564p5/arm64-v8a/build.ninja	github_only	REMOVE_GENERATED_FROM_TARGET	tracked local Android CMake build output absent from reviewed source archive	DELETED_GENERATED_NATIVE_OUTPUT
android/app/.cxx/Debug/70a564p5/arm64-v8a/build_file_index.txt	github_only	REMOVE_GENERATED_FROM_TARGET	tracked local Android CMake build output absent from reviewed source archive	DELETED_GENERATED_NATIVE_OUTPUT
android/app/.cxx/Debug/70a564p5/arm64-v8a/cmake_install.cmake	github_only	REMOVE_GENERATED_FROM_TARGET	tracked local Android CMake build output absent from reviewed source archive	DELETED_GENERATED_NATIVE_OUTPUT
android/app/.cxx/Debug/70a564p5/arm64-v8a/configure_fingerprint.bin	github_only	REMOVE_GENERATED_FROM_TARGET	tracked local Android CMake build output absent from reviewed source archive	DELETED_GENERATED_NATIVE_OUTPUT
android/app/.cxx/Debug/70a564p5/arm64-v8a/metadata_generation_command.txt	github_only	REMOVE_GENERATED_FROM_TARGET	tracked local Android CMake build output absent from reviewed source archive	DELETED_GENERATED_NATIVE_OUTPUT
android/app/.cxx/Debug/70a564p5/arm64-v8a/prefab_config.json	github_only	REMOVE_GENERATED_FROM_TARGET	tracked local Android CMake build output absent from reviewed source archive	DELETED_GENERATED_NATIVE_OUTPUT
android/app/.cxx/Debug/70a564p5/arm64-v8a/symbol_folder_index.txt	github_only	REMOVE_GENERATED_FROM_TARGET	tracked local Android CMake build output absent from reviewed source archive	DELETED_GENERATED_NATIVE_OUTPUT
android/app/.cxx/Debug/70a564p5/armeabi-v7a/.cmake/api/v1/query/client-agp/cache-v2	github_only	REMOVE_GENERATED_FROM_TARGET	tracked local Android CMake build output absent from reviewed source archive	DELETED_GENERATED_NATIVE_OUTPUT
android/app/.cxx/Debug/70a564p5/armeabi-v7a/.cmake/api/v1/query/client-agp/cmakeFiles-v1	github_only	REMOVE_GENERATED_FROM_TARGET	tracked local Android CMake build output absent from reviewed source archive	DELETED_GENERATED_NATIVE_OUTPUT
android/app/.cxx/Debug/70a564p5/armeabi-v7a/.cmake/api/v1/query/client-agp/codemodel-v2	github_only	REMOVE_GENERATED_FROM_TARGET	tracked local Android CMake build output absent from reviewed source archive	DELETED_GENERATED_NATIVE_OUTPUT
android/app/.cxx/Debug/70a564p5/armeabi-v7a/.cmake/api/v1/reply/cache-v2-3da4b0a7e8b0055fc7b1.json	github_only	REMOVE_GENERATED_FROM_TARGET	tracked local Android CMake build output absent from reviewed source archive	DELETED_GENERATED_NATIVE_OUTPUT
android/app/.cxx/Debug/70a564p5/armeabi-v7a/.cmake/api/v1/reply/cmakeFiles-v1-07cca60858241d6cb43e.json	github_only	REMOVE_GENERATED_FROM_TARGET	tracked local Android CMake build output absent from reviewed source archive	DELETED_GENERATED_NATIVE_OUTPUT
android/app/.cxx/Debug/70a564p5/armeabi-v7a/.cmake/api/v1/reply/codemodel-v2-38a144db1780037272df.json	github_only	REMOVE_GENERATED_FROM_TARGET	tracked local Android CMake build output absent from reviewed source archive	DELETED_GENERATED_NATIVE_OUTPUT
android/app/.cxx/Debug/70a564p5/armeabi-v7a/.cmake/api/v1/reply/directory-.-Debug-f5ebdc15457944623624.json	github_only	REMOVE_GENERATED_FROM_TARGET	tracked local Android CMake build output absent from reviewed source archive	DELETED_GENERATED_NATIVE_OUTPUT
android/app/.cxx/Debug/70a564p5/armeabi-v7a/.cmake/api/v1/reply/index-2025-02-13T15-29-49-0574.json	github_only	REMOVE_GENERATED_FROM_TARGET	tracked local Android CMake build output absent from reviewed source archive	DELETED_GENERATED_NATIVE_OUTPUT
android/app/.cxx/Debug/70a564p5/armeabi-v7a/CMakeCache.txt	github_only	REMOVE_GENERATED_FROM_TARGET	tracked local Android CMake build output absent from reviewed source archive	DELETED_GENERATED_NATIVE_OUTPUT
android/app/.cxx/Debug/70a564p5/armeabi-v7a/CMakeFiles/3.22.1-g37088a8/CMakeCCompiler.cmake	github_only	REMOVE_GENERATED_FROM_TARGET	tracked local Android CMake build output absent from reviewed source archive	DELETED_GENERATED_NATIVE_OUTPUT
android/app/.cxx/Debug/70a564p5/armeabi-v7a/CMakeFiles/3.22.1-g37088a8/CMakeCXXCompiler.cmake	github_only	REMOVE_GENERATED_FROM_TARGET	tracked local Android CMake build output absent from reviewed source archive	DELETED_GENERATED_NATIVE_OUTPUT
android/app/.cxx/Debug/70a564p5/armeabi-v7a/CMakeFiles/3.22.1-g37088a8/CMakeDetermineCompilerABI_C.bin	github_only	REMOVE_GENERATED_FROM_TARGET	tracked local Android CMake build output absent from reviewed source archive	DELETED_GENERATED_NATIVE_OUTPUT
android/app/.cxx/Debug/70a564p5/armeabi-v7a/CMakeFiles/3.22.1-g37088a8/CMakeDetermineCompilerABI_CXX.bin	github_only	REMOVE_GENERATED_FROM_TARGET	tracked local Android CMake build output absent from reviewed source archive	DELETED_GENERATED_NATIVE_OUTPUT
android/app/.cxx/Debug/70a564p5/armeabi-v7a/CMakeFiles/3.22.1-g37088a8/CMakeSystem.cmake	github_only	REMOVE_GENERATED_FROM_TARGET	tracked local Android CMake build output absent from reviewed source archive	DELETED_GENERATED_NATIVE_OUTPUT
android/app/.cxx/Debug/70a564p5/armeabi-v7a/CMakeFiles/3.22.1-g37088a8/CompilerIdC/CMakeCCompilerId.c	github_only	REMOVE_GENERATED_FROM_TARGET	tracked local Android CMake build output absent from reviewed source archive	DELETED_GENERATED_NATIVE_OUTPUT
android/app/.cxx/Debug/70a564p5/armeabi-v7a/CMakeFiles/3.22.1-g37088a8/CompilerIdC/CMakeCCompilerId.o	github_only	REMOVE_GENERATED_FROM_TARGET	tracked local Android CMake build output absent from reviewed source archive	DELETED_GENERATED_NATIVE_OUTPUT
android/app/.cxx/Debug/70a564p5/armeabi-v7a/CMakeFiles/3.22.1-g37088a8/CompilerIdCXX/CMakeCXXCompilerId.cpp	github_only	REMOVE_GENERATED_FROM_TARGET	tracked local Android CMake build output absent from reviewed source archive	DELETED_GENERATED_NATIVE_OUTPUT
android/app/.cxx/Debug/70a564p5/armeabi-v7a/CMakeFiles/3.22.1-g37088a8/CompilerIdCXX/CMakeCXXCompilerId.o	github_only	REMOVE_GENERATED_FROM_TARGET	tracked local Android CMake build output absent from reviewed source archive	DELETED_GENERATED_NATIVE_OUTPUT
android/app/.cxx/Debug/70a564p5/armeabi-v7a/CMakeFiles/TargetDirectories.txt	github_only	REMOVE_GENERATED_FROM_TARGET	tracked local Android CMake build output absent from reviewed source archive	DELETED_GENERATED_NATIVE_OUTPUT
android/app/.cxx/Debug/70a564p5/armeabi-v7a/CMakeFiles/cmake.check_cache	github_only	REMOVE_GENERATED_FROM_TARGET	tracked local Android CMake build output absent from reviewed source archive	DELETED_GENERATED_NATIVE_OUTPUT
android/app/.cxx/Debug/70a564p5/armeabi-v7a/CMakeFiles/rules.ninja	github_only	REMOVE_GENERATED_FROM_TARGET	tracked local Android CMake build output absent from reviewed source archive	DELETED_GENERATED_NATIVE_OUTPUT
android/app/.cxx/Debug/70a564p5/armeabi-v7a/additional_project_files.txt	github_only	REMOVE_GENERATED_FROM_TARGET	tracked local Android CMake build output absent from reviewed source archive	DELETED_GENERATED_NATIVE_OUTPUT
android/app/.cxx/Debug/70a564p5/armeabi-v7a/android_gradle_build.json	github_only	REMOVE_GENERATED_FROM_TARGET	tracked local Android CMake build output absent from reviewed source archive	DELETED_GENERATED_NATIVE_OUTPUT
android/app/.cxx/Debug/70a564p5/armeabi-v7a/android_gradle_build_mini.json	github_only	REMOVE_GENERATED_FROM_TARGET	tracked local Android CMake build output absent from reviewed source archive	DELETED_GENERATED_NATIVE_OUTPUT
android/app/.cxx/Debug/70a564p5/armeabi-v7a/build.ninja	github_only	REMOVE_GENERATED_FROM_TARGET	tracked local Android CMake build output absent from reviewed source archive	DELETED_GENERATED_NATIVE_OUTPUT
android/app/.cxx/Debug/70a564p5/armeabi-v7a/build_file_index.txt	github_only	REMOVE_GENERATED_FROM_TARGET	tracked local Android CMake build output absent from reviewed source archive	DELETED_GENERATED_NATIVE_OUTPUT
android/app/.cxx/Debug/70a564p5/armeabi-v7a/cmake_install.cmake	github_only	REMOVE_GENERATED_FROM_TARGET	tracked local Android CMake build output absent from reviewed source archive	DELETED_GENERATED_NATIVE_OUTPUT
android/app/.cxx/Debug/70a564p5/armeabi-v7a/configure_fingerprint.bin	github_only	REMOVE_GENERATED_FROM_TARGET	tracked local Android CMake build output absent from reviewed source archive	DELETED_GENERATED_NATIVE_OUTPUT
android/app/.cxx/Debug/70a564p5/armeabi-v7a/metadata_generation_command.txt	github_only	REMOVE_GENERATED_FROM_TARGET	tracked local Android CMake build output absent from reviewed source archive	DELETED_GENERATED_NATIVE_OUTPUT
android/app/.cxx/Debug/70a564p5/armeabi-v7a/prefab_config.json	github_only	REMOVE_GENERATED_FROM_TARGET	tracked local Android CMake build output absent from reviewed source archive	DELETED_GENERATED_NATIVE_OUTPUT
android/app/.cxx/Debug/70a564p5/armeabi-v7a/symbol_folder_index.txt	github_only	REMOVE_GENERATED_FROM_TARGET	tracked local Android CMake build output absent from reviewed source archive	DELETED_GENERATED_NATIVE_OUTPUT
android/app/.cxx/Debug/70a564p5/hash_key.txt	github_only	REMOVE_GENERATED_FROM_TARGET	tracked local Android CMake build output absent from reviewed source archive	DELETED_GENERATED_NATIVE_OUTPUT
android/app/.cxx/Debug/70a564p5/x86/.cmake/api/v1/query/client-agp/cache-v2	github_only	REMOVE_GENERATED_FROM_TARGET	tracked local Android CMake build output absent from reviewed source archive	DELETED_GENERATED_NATIVE_OUTPUT
android/app/.cxx/Debug/70a564p5/x86/.cmake/api/v1/query/client-agp/cmakeFiles-v1	github_only	REMOVE_GENERATED_FROM_TARGET	tracked local Android CMake build output absent from reviewed source archive	DELETED_GENERATED_NATIVE_OUTPUT
android/app/.cxx/Debug/70a564p5/x86/.cmake/api/v1/query/client-agp/codemodel-v2	github_only	REMOVE_GENERATED_FROM_TARGET	tracked local Android CMake build output absent from reviewed source archive	DELETED_GENERATED_NATIVE_OUTPUT
android/app/.cxx/Debug/70a564p5/x86/.cmake/api/v1/reply/cache-v2-3957551255d2bbe88639.json	github_only	REMOVE_GENERATED_FROM_TARGET	tracked local Android CMake build output absent from reviewed source archive	DELETED_GENERATED_NATIVE_OUTPUT
android/app/.cxx/Debug/70a564p5/x86/.cmake/api/v1/reply/cmakeFiles-v1-b909a0e1cbd28aa40f69.json	github_only	REMOVE_GENERATED_FROM_TARGET	tracked local Android CMake build output absent from reviewed source archive	DELETED_GENERATED_NATIVE_OUTPUT
android/app/.cxx/Debug/70a564p5/x86/.cmake/api/v1/reply/codemodel-v2-f66c1453473aca1eed54.json	github_only	REMOVE_GENERATED_FROM_TARGET	tracked local Android CMake build output absent from reviewed source archive	DELETED_GENERATED_NATIVE_OUTPUT
android/app/.cxx/Debug/70a564p5/x86/.cmake/api/v1/reply/directory-.-Debug-f5ebdc15457944623624.json	github_only	REMOVE_GENERATED_FROM_TARGET	tracked local Android CMake build output absent from reviewed source archive	DELETED_GENERATED_NATIVE_OUTPUT
android/app/.cxx/Debug/70a564p5/x86/.cmake/api/v1/reply/index-2025-02-13T15-29-49-0906.json	github_only	REMOVE_GENERATED_FROM_TARGET	tracked local Android CMake build output absent from reviewed source archive	DELETED_GENERATED_NATIVE_OUTPUT
android/app/.cxx/Debug/70a564p5/x86/CMakeCache.txt	github_only	REMOVE_GENERATED_FROM_TARGET	tracked local Android CMake build output absent from reviewed source archive	DELETED_GENERATED_NATIVE_OUTPUT
android/app/.cxx/Debug/70a564p5/x86/CMakeFiles/3.22.1-g37088a8/CMakeCCompiler.cmake	github_only	REMOVE_GENERATED_FROM_TARGET	tracked local Android CMake build output absent from reviewed source archive	DELETED_GENERATED_NATIVE_OUTPUT
android/app/.cxx/Debug/70a564p5/x86/CMakeFiles/3.22.1-g37088a8/CMakeCXXCompiler.cmake	github_only	REMOVE_GENERATED_FROM_TARGET	tracked local Android CMake build output absent from reviewed source archive	DELETED_GENERATED_NATIVE_OUTPUT
android/app/.cxx/Debug/70a564p5/x86/CMakeFiles/3.22.1-g37088a8/CMakeDetermineCompilerABI_C.bin	github_only	REMOVE_GENERATED_FROM_TARGET	tracked local Android CMake build output absent from reviewed source archive	DELETED_GENERATED_NATIVE_OUTPUT
android/app/.cxx/Debug/70a564p5/x86/CMakeFiles/3.22.1-g37088a8/CMakeDetermineCompilerABI_CXX.bin	github_only	REMOVE_GENERATED_FROM_TARGET	tracked local Android CMake build output absent from reviewed source archive	DELETED_GENERATED_NATIVE_OUTPUT
android/app/.cxx/Debug/70a564p5/x86/CMakeFiles/3.22.1-g37088a8/CMakeSystem.cmake	github_only	REMOVE_GENERATED_FROM_TARGET	tracked local Android CMake build output absent from reviewed source archive	DELETED_GENERATED_NATIVE_OUTPUT
android/app/.cxx/Debug/70a564p5/x86/CMakeFiles/3.22.1-g37088a8/CompilerIdC/CMakeCCompilerId.c	github_only	REMOVE_GENERATED_FROM_TARGET	tracked local Android CMake build output absent from reviewed source archive	DELETED_GENERATED_NATIVE_OUTPUT
android/app/.cxx/Debug/70a564p5/x86/CMakeFiles/3.22.1-g37088a8/CompilerIdC/CMakeCCompilerId.o	github_only	REMOVE_GENERATED_FROM_TARGET	tracked local Android CMake build output absent from reviewed source archive	DELETED_GENERATED_NATIVE_OUTPUT
android/app/.cxx/Debug/70a564p5/x86/CMakeFiles/3.22.1-g37088a8/CompilerIdCXX/CMakeCXXCompilerId.cpp	github_only	REMOVE_GENERATED_FROM_TARGET	tracked local Android CMake build output absent from reviewed source archive	DELETED_GENERATED_NATIVE_OUTPUT
android/app/.cxx/Debug/70a564p5/x86/CMakeFiles/3.22.1-g37088a8/CompilerIdCXX/CMakeCXXCompilerId.o	github_only	REMOVE_GENERATED_FROM_TARGET	tracked local Android CMake build output absent from reviewed source archive	DELETED_GENERATED_NATIVE_OUTPUT
android/app/.cxx/Debug/70a564p5/x86/CMakeFiles/TargetDirectories.txt	github_only	REMOVE_GENERATED_FROM_TARGET	tracked local Android CMake build output absent from reviewed source archive	DELETED_GENERATED_NATIVE_OUTPUT
android/app/.cxx/Debug/70a564p5/x86/CMakeFiles/cmake.check_cache	github_only	REMOVE_GENERATED_FROM_TARGET	tracked local Android CMake build output absent from reviewed source archive	DELETED_GENERATED_NATIVE_OUTPUT
android/app/.cxx/Debug/70a564p5/x86/CMakeFiles/rules.ninja	github_only	REMOVE_GENERATED_FROM_TARGET	tracked local Android CMake build output absent from reviewed source archive	DELETED_GENERATED_NATIVE_OUTPUT
android/app/.cxx/Debug/70a564p5/x86/additional_project_files.txt	github_only	REMOVE_GENERATED_FROM_TARGET	tracked local Android CMake build output absent from reviewed source archive	DELETED_GENERATED_NATIVE_OUTPUT
android/app/.cxx/Debug/70a564p5/x86/android_gradle_build.json	github_only	REMOVE_GENERATED_FROM_TARGET	tracked local Android CMake build output absent from reviewed source archive	DELETED_GENERATED_NATIVE_OUTPUT
android/app/.cxx/Debug/70a564p5/x86/android_gradle_build_mini.json	github_only	REMOVE_GENERATED_FROM_TARGET	tracked local Android CMake build output absent from reviewed source archive	DELETED_GENERATED_NATIVE_OUTPUT
android/app/.cxx/Debug/70a564p5/x86/build.ninja	github_only	REMOVE_GENERATED_FROM_TARGET	tracked local Android CMake build output absent from reviewed source archive	DELETED_GENERATED_NATIVE_OUTPUT
android/app/.cxx/Debug/70a564p5/x86/build_file_index.txt	github_only	REMOVE_GENERATED_FROM_TARGET	tracked local Android CMake build output absent from reviewed source archive	DELETED_GENERATED_NATIVE_OUTPUT
android/app/.cxx/Debug/70a564p5/x86/cmake_install.cmake	github_only	REMOVE_GENERATED_FROM_TARGET	tracked local Android CMake build output absent from reviewed source archive	DELETED_GENERATED_NATIVE_OUTPUT
android/app/.cxx/Debug/70a564p5/x86/configure_fingerprint.bin	github_only	REMOVE_GENERATED_FROM_TARGET	tracked local Android CMake build output absent from reviewed source archive	DELETED_GENERATED_NATIVE_OUTPUT
android/app/.cxx/Debug/70a564p5/x86/metadata_generation_command.txt	github_only	REMOVE_GENERATED_FROM_TARGET	tracked local Android CMake build output absent from reviewed source archive	DELETED_GENERATED_NATIVE_OUTPUT
android/app/.cxx/Debug/70a564p5/x86/prefab_config.json	github_only	REMOVE_GENERATED_FROM_TARGET	tracked local Android CMake build output absent from reviewed source archive	DELETED_GENERATED_NATIVE_OUTPUT
android/app/.cxx/Debug/70a564p5/x86/symbol_folder_index.txt	github_only	REMOVE_GENERATED_FROM_TARGET	tracked local Android CMake build output absent from reviewed source archive	DELETED_GENERATED_NATIVE_OUTPUT
android/app/.cxx/Debug/70a564p5/x86_64/.cmake/api/v1/query/client-agp/cache-v2	github_only	REMOVE_GENERATED_FROM_TARGET	tracked local Android CMake build output absent from reviewed source archive	DELETED_GENERATED_NATIVE_OUTPUT
android/app/.cxx/Debug/70a564p5/x86_64/.cmake/api/v1/query/client-agp/cmakeFiles-v1	github_only	REMOVE_GENERATED_FROM_TARGET	tracked local Android CMake build output absent from reviewed source archive	DELETED_GENERATED_NATIVE_OUTPUT
android/app/.cxx/Debug/70a564p5/x86_64/.cmake/api/v1/query/client-agp/codemodel-v2	github_only	REMOVE_GENERATED_FROM_TARGET	tracked local Android CMake build output absent from reviewed source archive	DELETED_GENERATED_NATIVE_OUTPUT
android/app/.cxx/Debug/70a564p5/x86_64/.cmake/api/v1/reply/cache-v2-a627dbb5f1ec3e6b35ab.json	github_only	REMOVE_GENERATED_FROM_TARGET	tracked local Android CMake build output absent from reviewed source archive	DELETED_GENERATED_NATIVE_OUTPUT
android/app/.cxx/Debug/70a564p5/x86_64/.cmake/api/v1/reply/cmakeFiles-v1-b1b92a51549d9e16634f.json	github_only	REMOVE_GENERATED_FROM_TARGET	tracked local Android CMake build output absent from reviewed source archive	DELETED_GENERATED_NATIVE_OUTPUT
android/app/.cxx/Debug/70a564p5/x86_64/.cmake/api/v1/reply/codemodel-v2-39bbcee9ecb069a65d08.json	github_only	REMOVE_GENERATED_FROM_TARGET	tracked local Android CMake build output absent from reviewed source archive	DELETED_GENERATED_NATIVE_OUTPUT
android/app/.cxx/Debug/70a564p5/x86_64/.cmake/api/v1/reply/directory-.-Debug-f5ebdc15457944623624.json	github_only	REMOVE_GENERATED_FROM_TARGET	tracked local Android CMake build output absent from reviewed source archive	DELETED_GENERATED_NATIVE_OUTPUT
android/app/.cxx/Debug/70a564p5/x86_64/.cmake/api/v1/reply/index-2025-02-13T15-29-50-0216.json	github_only	REMOVE_GENERATED_FROM_TARGET	tracked local Android CMake build output absent from reviewed source archive	DELETED_GENERATED_NATIVE_OUTPUT
android/app/.cxx/Debug/70a564p5/x86_64/CMakeCache.txt	github_only	REMOVE_GENERATED_FROM_TARGET	tracked local Android CMake build output absent from reviewed source archive	DELETED_GENERATED_NATIVE_OUTPUT
android/app/.cxx/Debug/70a564p5/x86_64/CMakeFiles/3.22.1-g37088a8/CMakeCCompiler.cmake	github_only	REMOVE_GENERATED_FROM_TARGET	tracked local Android CMake build output absent from reviewed source archive	DELETED_GENERATED_NATIVE_OUTPUT
android/app/.cxx/Debug/70a564p5/x86_64/CMakeFiles/3.22.1-g37088a8/CMakeCXXCompiler.cmake	github_only	REMOVE_GENERATED_FROM_TARGET	tracked local Android CMake build output absent from reviewed source archive	DELETED_GENERATED_NATIVE_OUTPUT
android/app/.cxx/Debug/70a564p5/x86_64/CMakeFiles/3.22.1-g37088a8/CMakeDetermineCompilerABI_C.bin	github_only	REMOVE_GENERATED_FROM_TARGET	tracked local Android CMake build output absent from reviewed source archive	DELETED_GENERATED_NATIVE_OUTPUT
android/app/.cxx/Debug/70a564p5/x86_64/CMakeFiles/3.22.1-g37088a8/CMakeDetermineCompilerABI_CXX.bin	github_only	REMOVE_GENERATED_FROM_TARGET	tracked local Android CMake build output absent from reviewed source archive	DELETED_GENERATED_NATIVE_OUTPUT
android/app/.cxx/Debug/70a564p5/x86_64/CMakeFiles/3.22.1-g37088a8/CMakeSystem.cmake	github_only	REMOVE_GENERATED_FROM_TARGET	tracked local Android CMake build output absent from reviewed source archive	DELETED_GENERATED_NATIVE_OUTPUT
android/app/.cxx/Debug/70a564p5/x86_64/CMakeFiles/3.22.1-g37088a8/CompilerIdC/CMakeCCompilerId.c	github_only	REMOVE_GENERATED_FROM_TARGET	tracked local Android CMake build output absent from reviewed source archive	DELETED_GENERATED_NATIVE_OUTPUT
android/app/.cxx/Debug/70a564p5/x86_64/CMakeFiles/3.22.1-g37088a8/CompilerIdC/CMakeCCompilerId.o	github_only	REMOVE_GENERATED_FROM_TARGET	tracked local Android CMake build output absent from reviewed source archive	DELETED_GENERATED_NATIVE_OUTPUT
android/app/.cxx/Debug/70a564p5/x86_64/CMakeFiles/3.22.1-g37088a8/CompilerIdCXX/CMakeCXXCompilerId.cpp	github_only	REMOVE_GENERATED_FROM_TARGET	tracked local Android CMake build output absent from reviewed source archive	DELETED_GENERATED_NATIVE_OUTPUT
android/app/.cxx/Debug/70a564p5/x86_64/CMakeFiles/3.22.1-g37088a8/CompilerIdCXX/CMakeCXXCompilerId.o	github_only	REMOVE_GENERATED_FROM_TARGET	tracked local Android CMake build output absent from reviewed source archive	DELETED_GENERATED_NATIVE_OUTPUT
android/app/.cxx/Debug/70a564p5/x86_64/CMakeFiles/TargetDirectories.txt	github_only	REMOVE_GENERATED_FROM_TARGET	tracked local Android CMake build output absent from reviewed source archive	DELETED_GENERATED_NATIVE_OUTPUT
android/app/.cxx/Debug/70a564p5/x86_64/CMakeFiles/cmake.check_cache	github_only	REMOVE_GENERATED_FROM_TARGET	tracked local Android CMake build output absent from reviewed source archive	DELETED_GENERATED_NATIVE_OUTPUT
android/app/.cxx/Debug/70a564p5/x86_64/CMakeFiles/rules.ninja	github_only	REMOVE_GENERATED_FROM_TARGET	tracked local Android CMake build output absent from reviewed source archive	DELETED_GENERATED_NATIVE_OUTPUT
android/app/.cxx/Debug/70a564p5/x86_64/additional_project_files.txt	github_only	REMOVE_GENERATED_FROM_TARGET	tracked local Android CMake build output absent from reviewed source archive	DELETED_GENERATED_NATIVE_OUTPUT
android/app/.cxx/Debug/70a564p5/x86_64/android_gradle_build.json	github_only	REMOVE_GENERATED_FROM_TARGET	tracked local Android CMake build output absent from reviewed source archive	DELETED_GENERATED_NATIVE_OUTPUT
android/app/.cxx/Debug/70a564p5/x86_64/android_gradle_build_mini.json	github_only	REMOVE_GENERATED_FROM_TARGET	tracked local Android CMake build output absent from reviewed source archive	DELETED_GENERATED_NATIVE_OUTPUT
android/app/.cxx/Debug/70a564p5/x86_64/build.ninja	github_only	REMOVE_GENERATED_FROM_TARGET	tracked local Android CMake build output absent from reviewed source archive	DELETED_GENERATED_NATIVE_OUTPUT
android/app/.cxx/Debug/70a564p5/x86_64/build_file_index.txt	github_only	REMOVE_GENERATED_FROM_TARGET	tracked local Android CMake build output absent from reviewed source archive	DELETED_GENERATED_NATIVE_OUTPUT
android/app/.cxx/Debug/70a564p5/x86_64/cmake_install.cmake	github_only	REMOVE_GENERATED_FROM_TARGET	tracked local Android CMake build output absent from reviewed source archive	DELETED_GENERATED_NATIVE_OUTPUT
android/app/.cxx/Debug/70a564p5/x86_64/configure_fingerprint.bin	github_only	REMOVE_GENERATED_FROM_TARGET	tracked local Android CMake build output absent from reviewed source archive	DELETED_GENERATED_NATIVE_OUTPUT
android/app/.cxx/Debug/70a564p5/x86_64/metadata_generation_command.txt	github_only	REMOVE_GENERATED_FROM_TARGET	tracked local Android CMake build output absent from reviewed source archive	DELETED_GENERATED_NATIVE_OUTPUT
android/app/.cxx/Debug/70a564p5/x86_64/prefab_config.json	github_only	REMOVE_GENERATED_FROM_TARGET	tracked local Android CMake build output absent from reviewed source archive	DELETED_GENERATED_NATIVE_OUTPUT
android/app/.cxx/Debug/70a564p5/x86_64/symbol_folder_index.txt	github_only	REMOVE_GENERATED_FROM_TARGET	tracked local Android CMake build output absent from reviewed source archive	DELETED_GENERATED_NATIVE_OUTPUT
android/app/.cxx/RelWithDebInfo/242j4652/arm64-v8a/.cmake/api/v1/query/client-agp/cache-v2	github_only	REMOVE_GENERATED_FROM_TARGET	tracked local Android CMake build output absent from reviewed source archive	DELETED_GENERATED_NATIVE_OUTPUT
android/app/.cxx/RelWithDebInfo/242j4652/arm64-v8a/.cmake/api/v1/query/client-agp/cmakeFiles-v1	github_only	REMOVE_GENERATED_FROM_TARGET	tracked local Android CMake build output absent from reviewed source archive	DELETED_GENERATED_NATIVE_OUTPUT
android/app/.cxx/RelWithDebInfo/242j4652/arm64-v8a/.cmake/api/v1/query/client-agp/codemodel-v2	github_only	REMOVE_GENERATED_FROM_TARGET	tracked local Android CMake build output absent from reviewed source archive	DELETED_GENERATED_NATIVE_OUTPUT
android/app/.cxx/RelWithDebInfo/242j4652/arm64-v8a/.cmake/api/v1/reply/cache-v2-77c420505ffd0a492503.json	github_only	REMOVE_GENERATED_FROM_TARGET	tracked local Android CMake build output absent from reviewed source archive	DELETED_GENERATED_NATIVE_OUTPUT
android/app/.cxx/RelWithDebInfo/242j4652/arm64-v8a/.cmake/api/v1/reply/cmakeFiles-v1-80a6eba4f14c8afea41f.json	github_only	REMOVE_GENERATED_FROM_TARGET	tracked local Android CMake build output absent from reviewed source archive	DELETED_GENERATED_NATIVE_OUTPUT
android/app/.cxx/RelWithDebInfo/242j4652/arm64-v8a/.cmake/api/v1/reply/codemodel-v2-c2975279b76780405f2f.json	github_only	REMOVE_GENERATED_FROM_TARGET	tracked local Android CMake build output absent from reviewed source archive	DELETED_GENERATED_NATIVE_OUTPUT
android/app/.cxx/RelWithDebInfo/242j4652/arm64-v8a/.cmake/api/v1/reply/directory-.-RelWithDebInfo-f5ebdc15457944623624.json	github_only	REMOVE_GENERATED_FROM_TARGET	tracked local Android CMake build output absent from reviewed source archive	DELETED_GENERATED_NATIVE_OUTPUT
android/app/.cxx/RelWithDebInfo/242j4652/arm64-v8a/.cmake/api/v1/reply/index-2025-02-14T13-43-16-0312.json	github_only	REMOVE_GENERATED_FROM_TARGET	tracked local Android CMake build output absent from reviewed source archive	DELETED_GENERATED_NATIVE_OUTPUT
android/app/.cxx/RelWithDebInfo/242j4652/arm64-v8a/CMakeCache.txt	github_only	REMOVE_GENERATED_FROM_TARGET	tracked local Android CMake build output absent from reviewed source archive	DELETED_GENERATED_NATIVE_OUTPUT
android/app/.cxx/RelWithDebInfo/242j4652/arm64-v8a/CMakeFiles/3.22.1-g37088a8/CMakeCCompiler.cmake	github_only	REMOVE_GENERATED_FROM_TARGET	tracked local Android CMake build output absent from reviewed source archive	DELETED_GENERATED_NATIVE_OUTPUT
android/app/.cxx/RelWithDebInfo/242j4652/arm64-v8a/CMakeFiles/3.22.1-g37088a8/CMakeCXXCompiler.cmake	github_only	REMOVE_GENERATED_FROM_TARGET	tracked local Android CMake build output absent from reviewed source archive	DELETED_GENERATED_NATIVE_OUTPUT
android/app/.cxx/RelWithDebInfo/242j4652/arm64-v8a/CMakeFiles/3.22.1-g37088a8/CMakeDetermineCompilerABI_C.bin	github_only	REMOVE_GENERATED_FROM_TARGET	tracked local Android CMake build output absent from reviewed source archive	DELETED_GENERATED_NATIVE_OUTPUT
android/app/.cxx/RelWithDebInfo/242j4652/arm64-v8a/CMakeFiles/3.22.1-g37088a8/CMakeDetermineCompilerABI_CXX.bin	github_only	REMOVE_GENERATED_FROM_TARGET	tracked local Android CMake build output absent from reviewed source archive	DELETED_GENERATED_NATIVE_OUTPUT
android/app/.cxx/RelWithDebInfo/242j4652/arm64-v8a/CMakeFiles/3.22.1-g37088a8/CMakeSystem.cmake	github_only	REMOVE_GENERATED_FROM_TARGET	tracked local Android CMake build output absent from reviewed source archive	DELETED_GENERATED_NATIVE_OUTPUT
android/app/.cxx/RelWithDebInfo/242j4652/arm64-v8a/CMakeFiles/3.22.1-g37088a8/CompilerIdC/CMakeCCompilerId.c	github_only	REMOVE_GENERATED_FROM_TARGET	tracked local Android CMake build output absent from reviewed source archive	DELETED_GENERATED_NATIVE_OUTPUT
android/app/.cxx/RelWithDebInfo/242j4652/arm64-v8a/CMakeFiles/3.22.1-g37088a8/CompilerIdC/CMakeCCompilerId.o	github_only	REMOVE_GENERATED_FROM_TARGET	tracked local Android CMake build output absent from reviewed source archive	DELETED_GENERATED_NATIVE_OUTPUT
android/app/.cxx/RelWithDebInfo/242j4652/arm64-v8a/CMakeFiles/3.22.1-g37088a8/CompilerIdCXX/CMakeCXXCompilerId.cpp	github_only	REMOVE_GENERATED_FROM_TARGET	tracked local Android CMake build output absent from reviewed source archive	DELETED_GENERATED_NATIVE_OUTPUT
android/app/.cxx/RelWithDebInfo/242j4652/arm64-v8a/CMakeFiles/3.22.1-g37088a8/CompilerIdCXX/CMakeCXXCompilerId.o	github_only	REMOVE_GENERATED_FROM_TARGET	tracked local Android CMake build output absent from reviewed source archive	DELETED_GENERATED_NATIVE_OUTPUT
android/app/.cxx/RelWithDebInfo/242j4652/arm64-v8a/CMakeFiles/TargetDirectories.txt	github_only	REMOVE_GENERATED_FROM_TARGET	tracked local Android CMake build output absent from reviewed source archive	DELETED_GENERATED_NATIVE_OUTPUT
android/app/.cxx/RelWithDebInfo/242j4652/arm64-v8a/CMakeFiles/cmake.check_cache	github_only	REMOVE_GENERATED_FROM_TARGET	tracked local Android CMake build output absent from reviewed source archive	DELETED_GENERATED_NATIVE_OUTPUT
android/app/.cxx/RelWithDebInfo/242j4652/arm64-v8a/CMakeFiles/rules.ninja	github_only	REMOVE_GENERATED_FROM_TARGET	tracked local Android CMake build output absent from reviewed source archive	DELETED_GENERATED_NATIVE_OUTPUT
android/app/.cxx/RelWithDebInfo/242j4652/arm64-v8a/additional_project_files.txt	github_only	REMOVE_GENERATED_FROM_TARGET	tracked local Android CMake build output absent from reviewed source archive	DELETED_GENERATED_NATIVE_OUTPUT
android/app/.cxx/RelWithDebInfo/242j4652/arm64-v8a/android_gradle_build.json	github_only	REMOVE_GENERATED_FROM_TARGET	tracked local Android CMake build output absent from reviewed source archive	DELETED_GENERATED_NATIVE_OUTPUT
android/app/.cxx/RelWithDebInfo/242j4652/arm64-v8a/android_gradle_build_mini.json	github_only	REMOVE_GENERATED_FROM_TARGET	tracked local Android CMake build output absent from reviewed source archive	DELETED_GENERATED_NATIVE_OUTPUT
android/app/.cxx/RelWithDebInfo/242j4652/arm64-v8a/build.ninja	github_only	REMOVE_GENERATED_FROM_TARGET	tracked local Android CMake build output absent from reviewed source archive	DELETED_GENERATED_NATIVE_OUTPUT
android/app/.cxx/RelWithDebInfo/242j4652/arm64-v8a/build_file_index.txt	github_only	REMOVE_GENERATED_FROM_TARGET	tracked local Android CMake build output absent from reviewed source archive	DELETED_GENERATED_NATIVE_OUTPUT
android/app/.cxx/RelWithDebInfo/242j4652/arm64-v8a/cmake_install.cmake	github_only	REMOVE_GENERATED_FROM_TARGET	tracked local Android CMake build output absent from reviewed source archive	DELETED_GENERATED_NATIVE_OUTPUT
android/app/.cxx/RelWithDebInfo/242j4652/arm64-v8a/configure_fingerprint.bin	github_only	REMOVE_GENERATED_FROM_TARGET	tracked local Android CMake build output absent from reviewed source archive	DELETED_GENERATED_NATIVE_OUTPUT
android/app/.cxx/RelWithDebInfo/242j4652/arm64-v8a/metadata_generation_command.txt	github_only	REMOVE_GENERATED_FROM_TARGET	tracked local Android CMake build output absent from reviewed source archive	DELETED_GENERATED_NATIVE_OUTPUT
android/app/.cxx/RelWithDebInfo/242j4652/arm64-v8a/prefab_config.json	github_only	REMOVE_GENERATED_FROM_TARGET	tracked local Android CMake build output absent from reviewed source archive	DELETED_GENERATED_NATIVE_OUTPUT
android/app/.cxx/RelWithDebInfo/242j4652/arm64-v8a/symbol_folder_index.txt	github_only	REMOVE_GENERATED_FROM_TARGET	tracked local Android CMake build output absent from reviewed source archive	DELETED_GENERATED_NATIVE_OUTPUT
android/app/.cxx/RelWithDebInfo/242j4652/armeabi-v7a/.cmake/api/v1/query/client-agp/cache-v2	github_only	REMOVE_GENERATED_FROM_TARGET	tracked local Android CMake build output absent from reviewed source archive	DELETED_GENERATED_NATIVE_OUTPUT
android/app/.cxx/RelWithDebInfo/242j4652/armeabi-v7a/.cmake/api/v1/query/client-agp/cmakeFiles-v1	github_only	REMOVE_GENERATED_FROM_TARGET	tracked local Android CMake build output absent from reviewed source archive	DELETED_GENERATED_NATIVE_OUTPUT
android/app/.cxx/RelWithDebInfo/242j4652/armeabi-v7a/.cmake/api/v1/query/client-agp/codemodel-v2	github_only	REMOVE_GENERATED_FROM_TARGET	tracked local Android CMake build output absent from reviewed source archive	DELETED_GENERATED_NATIVE_OUTPUT
android/app/.cxx/RelWithDebInfo/242j4652/armeabi-v7a/.cmake/api/v1/reply/cache-v2-bfa68d369e9270e49b27.json	github_only	REMOVE_GENERATED_FROM_TARGET	tracked local Android CMake build output absent from reviewed source archive	DELETED_GENERATED_NATIVE_OUTPUT
android/app/.cxx/RelWithDebInfo/242j4652/armeabi-v7a/.cmake/api/v1/reply/cmakeFiles-v1-255a5485bd31a6ccd0e4.json	github_only	REMOVE_GENERATED_FROM_TARGET	tracked local Android CMake build output absent from reviewed source archive	DELETED_GENERATED_NATIVE_OUTPUT
android/app/.cxx/RelWithDebInfo/242j4652/armeabi-v7a/.cmake/api/v1/reply/codemodel-v2-11c26ff068d24652eb63.json	github_only	REMOVE_GENERATED_FROM_TARGET	tracked local Android CMake build output absent from reviewed source archive	DELETED_GENERATED_NATIVE_OUTPUT
android/app/.cxx/RelWithDebInfo/242j4652/armeabi-v7a/.cmake/api/v1/reply/directory-.-RelWithDebInfo-f5ebdc15457944623624.json	github_only	REMOVE_GENERATED_FROM_TARGET	tracked local Android CMake build output absent from reviewed source archive	DELETED_GENERATED_NATIVE_OUTPUT
android/app/.cxx/RelWithDebInfo/242j4652/armeabi-v7a/.cmake/api/v1/reply/index-2025-02-14T13-43-54-0186.json	github_only	REMOVE_GENERATED_FROM_TARGET	tracked local Android CMake build output absent from reviewed source archive	DELETED_GENERATED_NATIVE_OUTPUT
android/app/.cxx/RelWithDebInfo/242j4652/armeabi-v7a/CMakeCache.txt	github_only	REMOVE_GENERATED_FROM_TARGET	tracked local Android CMake build output absent from reviewed source archive	DELETED_GENERATED_NATIVE_OUTPUT
android/app/.cxx/RelWithDebInfo/242j4652/armeabi-v7a/CMakeFiles/3.22.1-g37088a8/CMakeCCompiler.cmake	github_only	REMOVE_GENERATED_FROM_TARGET	tracked local Android CMake build output absent from reviewed source archive	DELETED_GENERATED_NATIVE_OUTPUT
android/app/.cxx/RelWithDebInfo/242j4652/armeabi-v7a/CMakeFiles/3.22.1-g37088a8/CMakeCXXCompiler.cmake	github_only	REMOVE_GENERATED_FROM_TARGET	tracked local Android CMake build output absent from reviewed source archive	DELETED_GENERATED_NATIVE_OUTPUT
android/app/.cxx/RelWithDebInfo/242j4652/armeabi-v7a/CMakeFiles/3.22.1-g37088a8/CMakeDetermineCompilerABI_C.bin	github_only	REMOVE_GENERATED_FROM_TARGET	tracked local Android CMake build output absent from reviewed source archive	DELETED_GENERATED_NATIVE_OUTPUT
android/app/.cxx/RelWithDebInfo/242j4652/armeabi-v7a/CMakeFiles/3.22.1-g37088a8/CMakeDetermineCompilerABI_CXX.bin	github_only	REMOVE_GENERATED_FROM_TARGET	tracked local Android CMake build output absent from reviewed source archive	DELETED_GENERATED_NATIVE_OUTPUT
android/app/.cxx/RelWithDebInfo/242j4652/armeabi-v7a/CMakeFiles/3.22.1-g37088a8/CMakeSystem.cmake	github_only	REMOVE_GENERATED_FROM_TARGET	tracked local Android CMake build output absent from reviewed source archive	DELETED_GENERATED_NATIVE_OUTPUT
android/app/.cxx/RelWithDebInfo/242j4652/armeabi-v7a/CMakeFiles/3.22.1-g37088a8/CompilerIdC/CMakeCCompilerId.c	github_only	REMOVE_GENERATED_FROM_TARGET	tracked local Android CMake build output absent from reviewed source archive	DELETED_GENERATED_NATIVE_OUTPUT
android/app/.cxx/RelWithDebInfo/242j4652/armeabi-v7a/CMakeFiles/3.22.1-g37088a8/CompilerIdC/CMakeCCompilerId.o	github_only	REMOVE_GENERATED_FROM_TARGET	tracked local Android CMake build output absent from reviewed source archive	DELETED_GENERATED_NATIVE_OUTPUT
android/app/.cxx/RelWithDebInfo/242j4652/armeabi-v7a/CMakeFiles/3.22.1-g37088a8/CompilerIdCXX/CMakeCXXCompilerId.cpp	github_only	REMOVE_GENERATED_FROM_TARGET	tracked local Android CMake build output absent from reviewed source archive	DELETED_GENERATED_NATIVE_OUTPUT
android/app/.cxx/RelWithDebInfo/242j4652/armeabi-v7a/CMakeFiles/3.22.1-g37088a8/CompilerIdCXX/CMakeCXXCompilerId.o	github_only	REMOVE_GENERATED_FROM_TARGET	tracked local Android CMake build output absent from reviewed source archive	DELETED_GENERATED_NATIVE_OUTPUT
android/app/.cxx/RelWithDebInfo/242j4652/armeabi-v7a/CMakeFiles/TargetDirectories.txt	github_only	REMOVE_GENERATED_FROM_TARGET	tracked local Android CMake build output absent from reviewed source archive	DELETED_GENERATED_NATIVE_OUTPUT
android/app/.cxx/RelWithDebInfo/242j4652/armeabi-v7a/CMakeFiles/cmake.check_cache	github_only	REMOVE_GENERATED_FROM_TARGET	tracked local Android CMake build output absent from reviewed source archive	DELETED_GENERATED_NATIVE_OUTPUT
android/app/.cxx/RelWithDebInfo/242j4652/armeabi-v7a/CMakeFiles/rules.ninja	github_only	REMOVE_GENERATED_FROM_TARGET	tracked local Android CMake build output absent from reviewed source archive	DELETED_GENERATED_NATIVE_OUTPUT
android/app/.cxx/RelWithDebInfo/242j4652/armeabi-v7a/additional_project_files.txt	github_only	REMOVE_GENERATED_FROM_TARGET	tracked local Android CMake build output absent from reviewed source archive	DELETED_GENERATED_NATIVE_OUTPUT
android/app/.cxx/RelWithDebInfo/242j4652/armeabi-v7a/android_gradle_build.json	github_only	REMOVE_GENERATED_FROM_TARGET	tracked local Android CMake build output absent from reviewed source archive	DELETED_GENERATED_NATIVE_OUTPUT
android/app/.cxx/RelWithDebInfo/242j4652/armeabi-v7a/android_gradle_build_mini.json	github_only	REMOVE_GENERATED_FROM_TARGET	tracked local Android CMake build output absent from reviewed source archive	DELETED_GENERATED_NATIVE_OUTPUT
android/app/.cxx/RelWithDebInfo/242j4652/armeabi-v7a/build.ninja	github_only	REMOVE_GENERATED_FROM_TARGET	tracked local Android CMake build output absent from reviewed source archive	DELETED_GENERATED_NATIVE_OUTPUT
android/app/.cxx/RelWithDebInfo/242j4652/armeabi-v7a/build_file_index.txt	github_only	REMOVE_GENERATED_FROM_TARGET	tracked local Android CMake build output absent from reviewed source archive	DELETED_GENERATED_NATIVE_OUTPUT
android/app/.cxx/RelWithDebInfo/242j4652/armeabi-v7a/cmake_install.cmake	github_only	REMOVE_GENERATED_FROM_TARGET	tracked local Android CMake build output absent from reviewed source archive	DELETED_GENERATED_NATIVE_OUTPUT
android/app/.cxx/RelWithDebInfo/242j4652/armeabi-v7a/configure_fingerprint.bin	github_only	REMOVE_GENERATED_FROM_TARGET	tracked local Android CMake build output absent from reviewed source archive	DELETED_GENERATED_NATIVE_OUTPUT
android/app/.cxx/RelWithDebInfo/242j4652/armeabi-v7a/metadata_generation_command.txt	github_only	REMOVE_GENERATED_FROM_TARGET	tracked local Android CMake build output absent from reviewed source archive	DELETED_GENERATED_NATIVE_OUTPUT
android/app/.cxx/RelWithDebInfo/242j4652/armeabi-v7a/prefab_config.json	github_only	REMOVE_GENERATED_FROM_TARGET	tracked local Android CMake build output absent from reviewed source archive	DELETED_GENERATED_NATIVE_OUTPUT
android/app/.cxx/RelWithDebInfo/242j4652/armeabi-v7a/symbol_folder_index.txt	github_only	REMOVE_GENERATED_FROM_TARGET	tracked local Android CMake build output absent from reviewed source archive	DELETED_GENERATED_NATIVE_OUTPUT
android/app/.cxx/RelWithDebInfo/242j4652/hash_key.txt	github_only	REMOVE_GENERATED_FROM_TARGET	tracked local Android CMake build output absent from reviewed source archive	DELETED_GENERATED_NATIVE_OUTPUT
android/app/.cxx/RelWithDebInfo/242j4652/x86/.cmake/api/v1/query/client-agp/cache-v2	github_only	REMOVE_GENERATED_FROM_TARGET	tracked local Android CMake build output absent from reviewed source archive	DELETED_GENERATED_NATIVE_OUTPUT
android/app/.cxx/RelWithDebInfo/242j4652/x86/.cmake/api/v1/query/client-agp/cmakeFiles-v1	github_only	REMOVE_GENERATED_FROM_TARGET	tracked local Android CMake build output absent from reviewed source archive	DELETED_GENERATED_NATIVE_OUTPUT
android/app/.cxx/RelWithDebInfo/242j4652/x86/.cmake/api/v1/query/client-agp/codemodel-v2	github_only	REMOVE_GENERATED_FROM_TARGET	tracked local Android CMake build output absent from reviewed source archive	DELETED_GENERATED_NATIVE_OUTPUT
android/app/.cxx/RelWithDebInfo/242j4652/x86/.cmake/api/v1/reply/cache-v2-b2254d66cb7abed2ac13.json	github_only	REMOVE_GENERATED_FROM_TARGET	tracked local Android CMake build output absent from reviewed source archive	DELETED_GENERATED_NATIVE_OUTPUT
android/app/.cxx/RelWithDebInfo/242j4652/x86/.cmake/api/v1/reply/cmakeFiles-v1-c66433f6b4615ce90ab6.json	github_only	REMOVE_GENERATED_FROM_TARGET	tracked local Android CMake build output absent from reviewed source archive	DELETED_GENERATED_NATIVE_OUTPUT
android/app/.cxx/RelWithDebInfo/242j4652/x86/.cmake/api/v1/reply/codemodel-v2-ce7f14d60e0c641ad1be.json	github_only	REMOVE_GENERATED_FROM_TARGET	tracked local Android CMake build output absent from reviewed source archive	DELETED_GENERATED_NATIVE_OUTPUT
android/app/.cxx/RelWithDebInfo/242j4652/x86/.cmake/api/v1/reply/directory-.-RelWithDebInfo-f5ebdc15457944623624.json	github_only	REMOVE_GENERATED_FROM_TARGET	tracked local Android CMake build output absent from reviewed source archive	DELETED_GENERATED_NATIVE_OUTPUT
android/app/.cxx/RelWithDebInfo/242j4652/x86/.cmake/api/v1/reply/index-2025-02-14T13-43-55-0443.json	github_only	REMOVE_GENERATED_FROM_TARGET	tracked local Android CMake build output absent from reviewed source archive	DELETED_GENERATED_NATIVE_OUTPUT
android/app/.cxx/RelWithDebInfo/242j4652/x86/CMakeCache.txt	github_only	REMOVE_GENERATED_FROM_TARGET	tracked local Android CMake build output absent from reviewed source archive	DELETED_GENERATED_NATIVE_OUTPUT
android/app/.cxx/RelWithDebInfo/242j4652/x86/CMakeFiles/3.22.1-g37088a8/CMakeCCompiler.cmake	github_only	REMOVE_GENERATED_FROM_TARGET	tracked local Android CMake build output absent from reviewed source archive	DELETED_GENERATED_NATIVE_OUTPUT
android/app/.cxx/RelWithDebInfo/242j4652/x86/CMakeFiles/3.22.1-g37088a8/CMakeCXXCompiler.cmake	github_only	REMOVE_GENERATED_FROM_TARGET	tracked local Android CMake build output absent from reviewed source archive	DELETED_GENERATED_NATIVE_OUTPUT
android/app/.cxx/RelWithDebInfo/242j4652/x86/CMakeFiles/3.22.1-g37088a8/CMakeDetermineCompilerABI_C.bin	github_only	REMOVE_GENERATED_FROM_TARGET	tracked local Android CMake build output absent from reviewed source archive	DELETED_GENERATED_NATIVE_OUTPUT
android/app/.cxx/RelWithDebInfo/242j4652/x86/CMakeFiles/3.22.1-g37088a8/CMakeDetermineCompilerABI_CXX.bin	github_only	REMOVE_GENERATED_FROM_TARGET	tracked local Android CMake build output absent from reviewed source archive	DELETED_GENERATED_NATIVE_OUTPUT
android/app/.cxx/RelWithDebInfo/242j4652/x86/CMakeFiles/3.22.1-g37088a8/CMakeSystem.cmake	github_only	REMOVE_GENERATED_FROM_TARGET	tracked local Android CMake build output absent from reviewed source archive	DELETED_GENERATED_NATIVE_OUTPUT
android/app/.cxx/RelWithDebInfo/242j4652/x86/CMakeFiles/3.22.1-g37088a8/CompilerIdC/CMakeCCompilerId.c	github_only	REMOVE_GENERATED_FROM_TARGET	tracked local Android CMake build output absent from reviewed source archive	DELETED_GENERATED_NATIVE_OUTPUT
android/app/.cxx/RelWithDebInfo/242j4652/x86/CMakeFiles/3.22.1-g37088a8/CompilerIdC/CMakeCCompilerId.o	github_only	REMOVE_GENERATED_FROM_TARGET	tracked local Android CMake build output absent from reviewed source archive	DELETED_GENERATED_NATIVE_OUTPUT
android/app/.cxx/RelWithDebInfo/242j4652/x86/CMakeFiles/3.22.1-g37088a8/CompilerIdCXX/CMakeCXXCompilerId.cpp	github_only	REMOVE_GENERATED_FROM_TARGET	tracked local Android CMake build output absent from reviewed source archive	DELETED_GENERATED_NATIVE_OUTPUT
android/app/.cxx/RelWithDebInfo/242j4652/x86/CMakeFiles/3.22.1-g37088a8/CompilerIdCXX/CMakeCXXCompilerId.o	github_only	REMOVE_GENERATED_FROM_TARGET	tracked local Android CMake build output absent from reviewed source archive	DELETED_GENERATED_NATIVE_OUTPUT
android/app/.cxx/RelWithDebInfo/242j4652/x86/CMakeFiles/TargetDirectories.txt	github_only	REMOVE_GENERATED_FROM_TARGET	tracked local Android CMake build output absent from reviewed source archive	DELETED_GENERATED_NATIVE_OUTPUT
android/app/.cxx/RelWithDebInfo/242j4652/x86/CMakeFiles/cmake.check_cache	github_only	REMOVE_GENERATED_FROM_TARGET	tracked local Android CMake build output absent from reviewed source archive	DELETED_GENERATED_NATIVE_OUTPUT
android/app/.cxx/RelWithDebInfo/242j4652/x86/CMakeFiles/rules.ninja	github_only	REMOVE_GENERATED_FROM_TARGET	tracked local Android CMake build output absent from reviewed source archive	DELETED_GENERATED_NATIVE_OUTPUT
android/app/.cxx/RelWithDebInfo/242j4652/x86/additional_project_files.txt	github_only	REMOVE_GENERATED_FROM_TARGET	tracked local Android CMake build output absent from reviewed source archive	DELETED_GENERATED_NATIVE_OUTPUT
android/app/.cxx/RelWithDebInfo/242j4652/x86/android_gradle_build.json	github_only	REMOVE_GENERATED_FROM_TARGET	tracked local Android CMake build output absent from reviewed source archive	DELETED_GENERATED_NATIVE_OUTPUT
android/app/.cxx/RelWithDebInfo/242j4652/x86/android_gradle_build_mini.json	github_only	REMOVE_GENERATED_FROM_TARGET	tracked local Android CMake build output absent from reviewed source archive	DELETED_GENERATED_NATIVE_OUTPUT
android/app/.cxx/RelWithDebInfo/242j4652/x86/build.ninja	github_only	REMOVE_GENERATED_FROM_TARGET	tracked local Android CMake build output absent from reviewed source archive	DELETED_GENERATED_NATIVE_OUTPUT
android/app/.cxx/RelWithDebInfo/242j4652/x86/build_file_index.txt	github_only	REMOVE_GENERATED_FROM_TARGET	tracked local Android CMake build output absent from reviewed source archive	DELETED_GENERATED_NATIVE_OUTPUT
android/app/.cxx/RelWithDebInfo/242j4652/x86/cmake_install.cmake	github_only	REMOVE_GENERATED_FROM_TARGET	tracked local Android CMake build output absent from reviewed source archive	DELETED_GENERATED_NATIVE_OUTPUT
android/app/.cxx/RelWithDebInfo/242j4652/x86/configure_fingerprint.bin	github_only	REMOVE_GENERATED_FROM_TARGET	tracked local Android CMake build output absent from reviewed source archive	DELETED_GENERATED_NATIVE_OUTPUT
android/app/.cxx/RelWithDebInfo/242j4652/x86/metadata_generation_command.txt	github_only	REMOVE_GENERATED_FROM_TARGET	tracked local Android CMake build output absent from reviewed source archive	DELETED_GENERATED_NATIVE_OUTPUT
android/app/.cxx/RelWithDebInfo/242j4652/x86/prefab_config.json	github_only	REMOVE_GENERATED_FROM_TARGET	tracked local Android CMake build output absent from reviewed source archive	DELETED_GENERATED_NATIVE_OUTPUT
android/app/.cxx/RelWithDebInfo/242j4652/x86/symbol_folder_index.txt	github_only	REMOVE_GENERATED_FROM_TARGET	tracked local Android CMake build output absent from reviewed source archive	DELETED_GENERATED_NATIVE_OUTPUT
android/app/.cxx/RelWithDebInfo/242j4652/x86_64/.cmake/api/v1/query/client-agp/cache-v2	github_only	REMOVE_GENERATED_FROM_TARGET	tracked local Android CMake build output absent from reviewed source archive	DELETED_GENERATED_NATIVE_OUTPUT
android/app/.cxx/RelWithDebInfo/242j4652/x86_64/.cmake/api/v1/query/client-agp/cmakeFiles-v1	github_only	REMOVE_GENERATED_FROM_TARGET	tracked local Android CMake build output absent from reviewed source archive	DELETED_GENERATED_NATIVE_OUTPUT
android/app/.cxx/RelWithDebInfo/242j4652/x86_64/.cmake/api/v1/query/client-agp/codemodel-v2	github_only	REMOVE_GENERATED_FROM_TARGET	tracked local Android CMake build output absent from reviewed source archive	DELETED_GENERATED_NATIVE_OUTPUT
android/app/.cxx/RelWithDebInfo/242j4652/x86_64/.cmake/api/v1/reply/cache-v2-b728ddc7be8e03ca8e0f.json	github_only	REMOVE_GENERATED_FROM_TARGET	tracked local Android CMake build output absent from reviewed source archive	DELETED_GENERATED_NATIVE_OUTPUT
android/app/.cxx/RelWithDebInfo/242j4652/x86_64/.cmake/api/v1/reply/cmakeFiles-v1-2dd8dc8e9aaaaefe0796.json	github_only	REMOVE_GENERATED_FROM_TARGET	tracked local Android CMake build output absent from reviewed source archive	DELETED_GENERATED_NATIVE_OUTPUT
android/app/.cxx/RelWithDebInfo/242j4652/x86_64/.cmake/api/v1/reply/codemodel-v2-abbf2351d182f93d92fd.json	github_only	REMOVE_GENERATED_FROM_TARGET	tracked local Android CMake build output absent from reviewed source archive	DELETED_GENERATED_NATIVE_OUTPUT
android/app/.cxx/RelWithDebInfo/242j4652/x86_64/.cmake/api/v1/reply/directory-.-RelWithDebInfo-f5ebdc15457944623624.json	github_only	REMOVE_GENERATED_FROM_TARGET	tracked local Android CMake build output absent from reviewed source archive	DELETED_GENERATED_NATIVE_OUTPUT
android/app/.cxx/RelWithDebInfo/242j4652/x86_64/.cmake/api/v1/reply/index-2025-02-14T13-43-55-0759.json	github_only	REMOVE_GENERATED_FROM_TARGET	tracked local Android CMake build output absent from reviewed source archive	DELETED_GENERATED_NATIVE_OUTPUT
android/app/.cxx/RelWithDebInfo/242j4652/x86_64/CMakeCache.txt	github_only	REMOVE_GENERATED_FROM_TARGET	tracked local Android CMake build output absent from reviewed source archive	DELETED_GENERATED_NATIVE_OUTPUT
android/app/.cxx/RelWithDebInfo/242j4652/x86_64/CMakeFiles/3.22.1-g37088a8/CMakeCCompiler.cmake	github_only	REMOVE_GENERATED_FROM_TARGET	tracked local Android CMake build output absent from reviewed source archive	DELETED_GENERATED_NATIVE_OUTPUT
android/app/.cxx/RelWithDebInfo/242j4652/x86_64/CMakeFiles/3.22.1-g37088a8/CMakeCXXCompiler.cmake	github_only	REMOVE_GENERATED_FROM_TARGET	tracked local Android CMake build output absent from reviewed source archive	DELETED_GENERATED_NATIVE_OUTPUT
android/app/.cxx/RelWithDebInfo/242j4652/x86_64/CMakeFiles/3.22.1-g37088a8/CMakeDetermineCompilerABI_C.bin	github_only	REMOVE_GENERATED_FROM_TARGET	tracked local Android CMake build output absent from reviewed source archive	DELETED_GENERATED_NATIVE_OUTPUT
android/app/.cxx/RelWithDebInfo/242j4652/x86_64/CMakeFiles/3.22.1-g37088a8/CMakeDetermineCompilerABI_CXX.bin	github_only	REMOVE_GENERATED_FROM_TARGET	tracked local Android CMake build output absent from reviewed source archive	DELETED_GENERATED_NATIVE_OUTPUT
android/app/.cxx/RelWithDebInfo/242j4652/x86_64/CMakeFiles/3.22.1-g37088a8/CMakeSystem.cmake	github_only	REMOVE_GENERATED_FROM_TARGET	tracked local Android CMake build output absent from reviewed source archive	DELETED_GENERATED_NATIVE_OUTPUT
android/app/.cxx/RelWithDebInfo/242j4652/x86_64/CMakeFiles/3.22.1-g37088a8/CompilerIdC/CMakeCCompilerId.c	github_only	REMOVE_GENERATED_FROM_TARGET	tracked local Android CMake build output absent from reviewed source archive	DELETED_GENERATED_NATIVE_OUTPUT
android/app/.cxx/RelWithDebInfo/242j4652/x86_64/CMakeFiles/3.22.1-g37088a8/CompilerIdC/CMakeCCompilerId.o	github_only	REMOVE_GENERATED_FROM_TARGET	tracked local Android CMake build output absent from reviewed source archive	DELETED_GENERATED_NATIVE_OUTPUT
android/app/.cxx/RelWithDebInfo/242j4652/x86_64/CMakeFiles/3.22.1-g37088a8/CompilerIdCXX/CMakeCXXCompilerId.cpp	github_only	REMOVE_GENERATED_FROM_TARGET	tracked local Android CMake build output absent from reviewed source archive	DELETED_GENERATED_NATIVE_OUTPUT
android/app/.cxx/RelWithDebInfo/242j4652/x86_64/CMakeFiles/3.22.1-g37088a8/CompilerIdCXX/CMakeCXXCompilerId.o	github_only	REMOVE_GENERATED_FROM_TARGET	tracked local Android CMake build output absent from reviewed source archive	DELETED_GENERATED_NATIVE_OUTPUT
android/app/.cxx/RelWithDebInfo/242j4652/x86_64/CMakeFiles/TargetDirectories.txt	github_only	REMOVE_GENERATED_FROM_TARGET	tracked local Android CMake build output absent from reviewed source archive	DELETED_GENERATED_NATIVE_OUTPUT
android/app/.cxx/RelWithDebInfo/242j4652/x86_64/CMakeFiles/cmake.check_cache	github_only	REMOVE_GENERATED_FROM_TARGET	tracked local Android CMake build output absent from reviewed source archive	DELETED_GENERATED_NATIVE_OUTPUT
android/app/.cxx/RelWithDebInfo/242j4652/x86_64/CMakeFiles/rules.ninja	github_only	REMOVE_GENERATED_FROM_TARGET	tracked local Android CMake build output absent from reviewed source archive	DELETED_GENERATED_NATIVE_OUTPUT
android/app/.cxx/RelWithDebInfo/242j4652/x86_64/additional_project_files.txt	github_only	REMOVE_GENERATED_FROM_TARGET	tracked local Android CMake build output absent from reviewed source archive	DELETED_GENERATED_NATIVE_OUTPUT
android/app/.cxx/RelWithDebInfo/242j4652/x86_64/android_gradle_build.json	github_only	REMOVE_GENERATED_FROM_TARGET	tracked local Android CMake build output absent from reviewed source archive	DELETED_GENERATED_NATIVE_OUTPUT
android/app/.cxx/RelWithDebInfo/242j4652/x86_64/android_gradle_build_mini.json	github_only	REMOVE_GENERATED_FROM_TARGET	tracked local Android CMake build output absent from reviewed source archive	DELETED_GENERATED_NATIVE_OUTPUT
android/app/.cxx/RelWithDebInfo/242j4652/x86_64/build.ninja	github_only	REMOVE_GENERATED_FROM_TARGET	tracked local Android CMake build output absent from reviewed source archive	DELETED_GENERATED_NATIVE_OUTPUT
android/app/.cxx/RelWithDebInfo/242j4652/x86_64/build_file_index.txt	github_only	REMOVE_GENERATED_FROM_TARGET	tracked local Android CMake build output absent from reviewed source archive	DELETED_GENERATED_NATIVE_OUTPUT
android/app/.cxx/RelWithDebInfo/242j4652/x86_64/cmake_install.cmake	github_only	REMOVE_GENERATED_FROM_TARGET	tracked local Android CMake build output absent from reviewed source archive	DELETED_GENERATED_NATIVE_OUTPUT
android/app/.cxx/RelWithDebInfo/242j4652/x86_64/configure_fingerprint.bin	github_only	REMOVE_GENERATED_FROM_TARGET	tracked local Android CMake build output absent from reviewed source archive	DELETED_GENERATED_NATIVE_OUTPUT
android/app/.cxx/RelWithDebInfo/242j4652/x86_64/metadata_generation_command.txt	github_only	REMOVE_GENERATED_FROM_TARGET	tracked local Android CMake build output absent from reviewed source archive	DELETED_GENERATED_NATIVE_OUTPUT
android/app/.cxx/RelWithDebInfo/242j4652/x86_64/prefab_config.json	github_only	REMOVE_GENERATED_FROM_TARGET	tracked local Android CMake build output absent from reviewed source archive	DELETED_GENERATED_NATIVE_OUTPUT
android/app/.cxx/RelWithDebInfo/242j4652/x86_64/symbol_folder_index.txt	github_only	REMOVE_GENERATED_FROM_TARGET	tracked local Android CMake build output absent from reviewed source archive	DELETED_GENERATED_NATIVE_OUTPUT
android/app/.cxx/RelWithDebInfo/6m6do712/arm64-v8a/.cmake/api/v1/query/client-agp/cache-v2	github_only	REMOVE_GENERATED_FROM_TARGET	tracked local Android CMake build output absent from reviewed source archive	DELETED_GENERATED_NATIVE_OUTPUT
android/app/.cxx/RelWithDebInfo/6m6do712/arm64-v8a/.cmake/api/v1/query/client-agp/cmakeFiles-v1	github_only	REMOVE_GENERATED_FROM_TARGET	tracked local Android CMake build output absent from reviewed source archive	DELETED_GENERATED_NATIVE_OUTPUT
android/app/.cxx/RelWithDebInfo/6m6do712/arm64-v8a/.cmake/api/v1/query/client-agp/codemodel-v2	github_only	REMOVE_GENERATED_FROM_TARGET	tracked local Android CMake build output absent from reviewed source archive	DELETED_GENERATED_NATIVE_OUTPUT
android/app/.cxx/RelWithDebInfo/6m6do712/arm64-v8a/.cmake/api/v1/reply/cache-v2-bd8f3e243a59f4d7297b.json	github_only	REMOVE_GENERATED_FROM_TARGET	tracked local Android CMake build output absent from reviewed source archive	DELETED_GENERATED_NATIVE_OUTPUT
android/app/.cxx/RelWithDebInfo/6m6do712/arm64-v8a/.cmake/api/v1/reply/cmakeFiles-v1-59973e918f42f6208293.json	github_only	REMOVE_GENERATED_FROM_TARGET	tracked local Android CMake build output absent from reviewed source archive	DELETED_GENERATED_NATIVE_OUTPUT
android/app/.cxx/RelWithDebInfo/6m6do712/arm64-v8a/.cmake/api/v1/reply/codemodel-v2-2afcb5a5072d4eea7c6d.json	github_only	REMOVE_GENERATED_FROM_TARGET	tracked local Android CMake build output absent from reviewed source archive	DELETED_GENERATED_NATIVE_OUTPUT
android/app/.cxx/RelWithDebInfo/6m6do712/arm64-v8a/.cmake/api/v1/reply/directory-.-RelWithDebInfo-f5ebdc15457944623624.json	github_only	REMOVE_GENERATED_FROM_TARGET	tracked local Android CMake build output absent from reviewed source archive	DELETED_GENERATED_NATIVE_OUTPUT
android/app/.cxx/RelWithDebInfo/6m6do712/arm64-v8a/.cmake/api/v1/reply/index-2025-03-17T17-28-16-0158.json	github_only	REMOVE_GENERATED_FROM_TARGET	tracked local Android CMake build output absent from reviewed source archive	DELETED_GENERATED_NATIVE_OUTPUT
android/app/.cxx/RelWithDebInfo/6m6do712/arm64-v8a/CMakeCache.txt	github_only	REMOVE_GENERATED_FROM_TARGET	tracked local Android CMake build output absent from reviewed source archive	DELETED_GENERATED_NATIVE_OUTPUT
android/app/.cxx/RelWithDebInfo/6m6do712/arm64-v8a/CMakeFiles/3.22.1-g37088a8/CMakeCCompiler.cmake	github_only	REMOVE_GENERATED_FROM_TARGET	tracked local Android CMake build output absent from reviewed source archive	DELETED_GENERATED_NATIVE_OUTPUT
android/app/.cxx/RelWithDebInfo/6m6do712/arm64-v8a/CMakeFiles/3.22.1-g37088a8/CMakeCXXCompiler.cmake	github_only	REMOVE_GENERATED_FROM_TARGET	tracked local Android CMake build output absent from reviewed source archive	DELETED_GENERATED_NATIVE_OUTPUT
android/app/.cxx/RelWithDebInfo/6m6do712/arm64-v8a/CMakeFiles/3.22.1-g37088a8/CMakeDetermineCompilerABI_C.bin	github_only	REMOVE_GENERATED_FROM_TARGET	tracked local Android CMake build output absent from reviewed source archive	DELETED_GENERATED_NATIVE_OUTPUT
android/app/.cxx/RelWithDebInfo/6m6do712/arm64-v8a/CMakeFiles/3.22.1-g37088a8/CMakeDetermineCompilerABI_CXX.bin	github_only	REMOVE_GENERATED_FROM_TARGET	tracked local Android CMake build output absent from reviewed source archive	DELETED_GENERATED_NATIVE_OUTPUT
android/app/.cxx/RelWithDebInfo/6m6do712/arm64-v8a/CMakeFiles/3.22.1-g37088a8/CMakeSystem.cmake	github_only	REMOVE_GENERATED_FROM_TARGET	tracked local Android CMake build output absent from reviewed source archive	DELETED_GENERATED_NATIVE_OUTPUT
android/app/.cxx/RelWithDebInfo/6m6do712/arm64-v8a/CMakeFiles/3.22.1-g37088a8/CompilerIdC/CMakeCCompilerId.c	github_only	REMOVE_GENERATED_FROM_TARGET	tracked local Android CMake build output absent from reviewed source archive	DELETED_GENERATED_NATIVE_OUTPUT
android/app/.cxx/RelWithDebInfo/6m6do712/arm64-v8a/CMakeFiles/3.22.1-g37088a8/CompilerIdC/CMakeCCompilerId.o	github_only	REMOVE_GENERATED_FROM_TARGET	tracked local Android CMake build output absent from reviewed source archive	DELETED_GENERATED_NATIVE_OUTPUT
android/app/.cxx/RelWithDebInfo/6m6do712/arm64-v8a/CMakeFiles/3.22.1-g37088a8/CompilerIdCXX/CMakeCXXCompilerId.cpp	github_only	REMOVE_GENERATED_FROM_TARGET	tracked local Android CMake build output absent from reviewed source archive	DELETED_GENERATED_NATIVE_OUTPUT
android/app/.cxx/RelWithDebInfo/6m6do712/arm64-v8a/CMakeFiles/3.22.1-g37088a8/CompilerIdCXX/CMakeCXXCompilerId.o	github_only	REMOVE_GENERATED_FROM_TARGET	tracked local Android CMake build output absent from reviewed source archive	DELETED_GENERATED_NATIVE_OUTPUT
android/app/.cxx/RelWithDebInfo/6m6do712/arm64-v8a/CMakeFiles/TargetDirectories.txt	github_only	REMOVE_GENERATED_FROM_TARGET	tracked local Android CMake build output absent from reviewed source archive	DELETED_GENERATED_NATIVE_OUTPUT
android/app/.cxx/RelWithDebInfo/6m6do712/arm64-v8a/CMakeFiles/cmake.check_cache	github_only	REMOVE_GENERATED_FROM_TARGET	tracked local Android CMake build output absent from reviewed source archive	DELETED_GENERATED_NATIVE_OUTPUT
android/app/.cxx/RelWithDebInfo/6m6do712/arm64-v8a/CMakeFiles/rules.ninja	github_only	REMOVE_GENERATED_FROM_TARGET	tracked local Android CMake build output absent from reviewed source archive	DELETED_GENERATED_NATIVE_OUTPUT
android/app/.cxx/RelWithDebInfo/6m6do712/arm64-v8a/additional_project_files.txt	github_only	REMOVE_GENERATED_FROM_TARGET	tracked local Android CMake build output absent from reviewed source archive	DELETED_GENERATED_NATIVE_OUTPUT
android/app/.cxx/RelWithDebInfo/6m6do712/arm64-v8a/android_gradle_build.json	github_only	REMOVE_GENERATED_FROM_TARGET	tracked local Android CMake build output absent from reviewed source archive	DELETED_GENERATED_NATIVE_OUTPUT
android/app/.cxx/RelWithDebInfo/6m6do712/arm64-v8a/android_gradle_build_mini.json	github_only	REMOVE_GENERATED_FROM_TARGET	tracked local Android CMake build output absent from reviewed source archive	DELETED_GENERATED_NATIVE_OUTPUT
android/app/.cxx/RelWithDebInfo/6m6do712/arm64-v8a/build.ninja	github_only	REMOVE_GENERATED_FROM_TARGET	tracked local Android CMake build output absent from reviewed source archive	DELETED_GENERATED_NATIVE_OUTPUT
android/app/.cxx/RelWithDebInfo/6m6do712/arm64-v8a/build_file_index.txt	github_only	REMOVE_GENERATED_FROM_TARGET	tracked local Android CMake build output absent from reviewed source archive	DELETED_GENERATED_NATIVE_OUTPUT
android/app/.cxx/RelWithDebInfo/6m6do712/arm64-v8a/cmake_install.cmake	github_only	REMOVE_GENERATED_FROM_TARGET	tracked local Android CMake build output absent from reviewed source archive	DELETED_GENERATED_NATIVE_OUTPUT
android/app/.cxx/RelWithDebInfo/6m6do712/arm64-v8a/configure_fingerprint.bin	github_only	REMOVE_GENERATED_FROM_TARGET	tracked local Android CMake build output absent from reviewed source archive	DELETED_GENERATED_NATIVE_OUTPUT
android/app/.cxx/RelWithDebInfo/6m6do712/arm64-v8a/metadata_generation_command.txt	github_only	REMOVE_GENERATED_FROM_TARGET	tracked local Android CMake build output absent from reviewed source archive	DELETED_GENERATED_NATIVE_OUTPUT
android/app/.cxx/RelWithDebInfo/6m6do712/arm64-v8a/prefab_config.json	github_only	REMOVE_GENERATED_FROM_TARGET	tracked local Android CMake build output absent from reviewed source archive	DELETED_GENERATED_NATIVE_OUTPUT
android/app/.cxx/RelWithDebInfo/6m6do712/arm64-v8a/symbol_folder_index.txt	github_only	REMOVE_GENERATED_FROM_TARGET	tracked local Android CMake build output absent from reviewed source archive	DELETED_GENERATED_NATIVE_OUTPUT
android/app/.cxx/RelWithDebInfo/6m6do712/armeabi-v7a/.cmake/api/v1/query/client-agp/cache-v2	github_only	REMOVE_GENERATED_FROM_TARGET	tracked local Android CMake build output absent from reviewed source archive	DELETED_GENERATED_NATIVE_OUTPUT
android/app/.cxx/RelWithDebInfo/6m6do712/armeabi-v7a/.cmake/api/v1/query/client-agp/cmakeFiles-v1	github_only	REMOVE_GENERATED_FROM_TARGET	tracked local Android CMake build output absent from reviewed source archive	DELETED_GENERATED_NATIVE_OUTPUT
android/app/.cxx/RelWithDebInfo/6m6do712/armeabi-v7a/.cmake/api/v1/query/client-agp/codemodel-v2	github_only	REMOVE_GENERATED_FROM_TARGET	tracked local Android CMake build output absent from reviewed source archive	DELETED_GENERATED_NATIVE_OUTPUT
android/app/.cxx/RelWithDebInfo/6m6do712/armeabi-v7a/.cmake/api/v1/reply/cache-v2-ef2abe6eced6ada280fd.json	github_only	REMOVE_GENERATED_FROM_TARGET	tracked local Android CMake build output absent from reviewed source archive	DELETED_GENERATED_NATIVE_OUTPUT
android/app/.cxx/RelWithDebInfo/6m6do712/armeabi-v7a/.cmake/api/v1/reply/cmakeFiles-v1-90ec4f6c7240bb05aba3.json	github_only	REMOVE_GENERATED_FROM_TARGET	tracked local Android CMake build output absent from reviewed source archive	DELETED_GENERATED_NATIVE_OUTPUT
android/app/.cxx/RelWithDebInfo/6m6do712/armeabi-v7a/.cmake/api/v1/reply/codemodel-v2-8ea53dfb067c730b866c.json	github_only	REMOVE_GENERATED_FROM_TARGET	tracked local Android CMake build output absent from reviewed source archive	DELETED_GENERATED_NATIVE_OUTPUT
android/app/.cxx/RelWithDebInfo/6m6do712/armeabi-v7a/.cmake/api/v1/reply/directory-.-RelWithDebInfo-f5ebdc15457944623624.json	github_only	REMOVE_GENERATED_FROM_TARGET	tracked local Android CMake build output absent from reviewed source archive	DELETED_GENERATED_NATIVE_OUTPUT
android/app/.cxx/RelWithDebInfo/6m6do712/armeabi-v7a/.cmake/api/v1/reply/index-2025-03-17T17-28-17-0953.json	github_only	REMOVE_GENERATED_FROM_TARGET	tracked local Android CMake build output absent from reviewed source archive	DELETED_GENERATED_NATIVE_OUTPUT
android/app/.cxx/RelWithDebInfo/6m6do712/armeabi-v7a/CMakeCache.txt	github_only	REMOVE_GENERATED_FROM_TARGET	tracked local Android CMake build output absent from reviewed source archive	DELETED_GENERATED_NATIVE_OUTPUT
android/app/.cxx/RelWithDebInfo/6m6do712/armeabi-v7a/CMakeFiles/3.22.1-g37088a8/CMakeCCompiler.cmake	github_only	REMOVE_GENERATED_FROM_TARGET	tracked local Android CMake build output absent from reviewed source archive	DELETED_GENERATED_NATIVE_OUTPUT
android/app/.cxx/RelWithDebInfo/6m6do712/armeabi-v7a/CMakeFiles/3.22.1-g37088a8/CMakeCXXCompiler.cmake	github_only	REMOVE_GENERATED_FROM_TARGET	tracked local Android CMake build output absent from reviewed source archive	DELETED_GENERATED_NATIVE_OUTPUT
android/app/.cxx/RelWithDebInfo/6m6do712/armeabi-v7a/CMakeFiles/3.22.1-g37088a8/CMakeDetermineCompilerABI_C.bin	github_only	REMOVE_GENERATED_FROM_TARGET	tracked local Android CMake build output absent from reviewed source archive	DELETED_GENERATED_NATIVE_OUTPUT
android/app/.cxx/RelWithDebInfo/6m6do712/armeabi-v7a/CMakeFiles/3.22.1-g37088a8/CMakeDetermineCompilerABI_CXX.bin	github_only	REMOVE_GENERATED_FROM_TARGET	tracked local Android CMake build output absent from reviewed source archive	DELETED_GENERATED_NATIVE_OUTPUT
android/app/.cxx/RelWithDebInfo/6m6do712/armeabi-v7a/CMakeFiles/3.22.1-g37088a8/CMakeSystem.cmake	github_only	REMOVE_GENERATED_FROM_TARGET	tracked local Android CMake build output absent from reviewed source archive	DELETED_GENERATED_NATIVE_OUTPUT
android/app/.cxx/RelWithDebInfo/6m6do712/armeabi-v7a/CMakeFiles/3.22.1-g37088a8/CompilerIdC/CMakeCCompilerId.c	github_only	REMOVE_GENERATED_FROM_TARGET	tracked local Android CMake build output absent from reviewed source archive	DELETED_GENERATED_NATIVE_OUTPUT
android/app/.cxx/RelWithDebInfo/6m6do712/armeabi-v7a/CMakeFiles/3.22.1-g37088a8/CompilerIdC/CMakeCCompilerId.o	github_only	REMOVE_GENERATED_FROM_TARGET	tracked local Android CMake build output absent from reviewed source archive	DELETED_GENERATED_NATIVE_OUTPUT
android/app/.cxx/RelWithDebInfo/6m6do712/armeabi-v7a/CMakeFiles/3.22.1-g37088a8/CompilerIdCXX/CMakeCXXCompilerId.cpp	github_only	REMOVE_GENERATED_FROM_TARGET	tracked local Android CMake build output absent from reviewed source archive	DELETED_GENERATED_NATIVE_OUTPUT
android/app/.cxx/RelWithDebInfo/6m6do712/armeabi-v7a/CMakeFiles/3.22.1-g37088a8/CompilerIdCXX/CMakeCXXCompilerId.o	github_only	REMOVE_GENERATED_FROM_TARGET	tracked local Android CMake build output absent from reviewed source archive	DELETED_GENERATED_NATIVE_OUTPUT
android/app/.cxx/RelWithDebInfo/6m6do712/armeabi-v7a/CMakeFiles/TargetDirectories.txt	github_only	REMOVE_GENERATED_FROM_TARGET	tracked local Android CMake build output absent from reviewed source archive	DELETED_GENERATED_NATIVE_OUTPUT
android/app/.cxx/RelWithDebInfo/6m6do712/armeabi-v7a/CMakeFiles/cmake.check_cache	github_only	REMOVE_GENERATED_FROM_TARGET	tracked local Android CMake build output absent from reviewed source archive	DELETED_GENERATED_NATIVE_OUTPUT
android/app/.cxx/RelWithDebInfo/6m6do712/armeabi-v7a/CMakeFiles/rules.ninja	github_only	REMOVE_GENERATED_FROM_TARGET	tracked local Android CMake build output absent from reviewed source archive	DELETED_GENERATED_NATIVE_OUTPUT
android/app/.cxx/RelWithDebInfo/6m6do712/armeabi-v7a/additional_project_files.txt	github_only	REMOVE_GENERATED_FROM_TARGET	tracked local Android CMake build output absent from reviewed source archive	DELETED_GENERATED_NATIVE_OUTPUT
android/app/.cxx/RelWithDebInfo/6m6do712/armeabi-v7a/android_gradle_build.json	github_only	REMOVE_GENERATED_FROM_TARGET	tracked local Android CMake build output absent from reviewed source archive	DELETED_GENERATED_NATIVE_OUTPUT
android/app/.cxx/RelWithDebInfo/6m6do712/armeabi-v7a/android_gradle_build_mini.json	github_only	REMOVE_GENERATED_FROM_TARGET	tracked local Android CMake build output absent from reviewed source archive	DELETED_GENERATED_NATIVE_OUTPUT
android/app/.cxx/RelWithDebInfo/6m6do712/armeabi-v7a/build.ninja	github_only	REMOVE_GENERATED_FROM_TARGET	tracked local Android CMake build output absent from reviewed source archive	DELETED_GENERATED_NATIVE_OUTPUT
android/app/.cxx/RelWithDebInfo/6m6do712/armeabi-v7a/build_file_index.txt	github_only	REMOVE_GENERATED_FROM_TARGET	tracked local Android CMake build output absent from reviewed source archive	DELETED_GENERATED_NATIVE_OUTPUT
android/app/.cxx/RelWithDebInfo/6m6do712/armeabi-v7a/cmake_install.cmake	github_only	REMOVE_GENERATED_FROM_TARGET	tracked local Android CMake build output absent from reviewed source archive	DELETED_GENERATED_NATIVE_OUTPUT
android/app/.cxx/RelWithDebInfo/6m6do712/armeabi-v7a/configure_fingerprint.bin	github_only	REMOVE_GENERATED_FROM_TARGET	tracked local Android CMake build output absent from reviewed source archive	DELETED_GENERATED_NATIVE_OUTPUT
android/app/.cxx/RelWithDebInfo/6m6do712/armeabi-v7a/metadata_generation_command.txt	github_only	REMOVE_GENERATED_FROM_TARGET	tracked local Android CMake build output absent from reviewed source archive	DELETED_GENERATED_NATIVE_OUTPUT
android/app/.cxx/RelWithDebInfo/6m6do712/armeabi-v7a/prefab_config.json	github_only	REMOVE_GENERATED_FROM_TARGET	tracked local Android CMake build output absent from reviewed source archive	DELETED_GENERATED_NATIVE_OUTPUT
android/app/.cxx/RelWithDebInfo/6m6do712/armeabi-v7a/symbol_folder_index.txt	github_only	REMOVE_GENERATED_FROM_TARGET	tracked local Android CMake build output absent from reviewed source archive	DELETED_GENERATED_NATIVE_OUTPUT
android/app/.cxx/RelWithDebInfo/6m6do712/hash_key.txt	github_only	REMOVE_GENERATED_FROM_TARGET	tracked local Android CMake build output absent from reviewed source archive	DELETED_GENERATED_NATIVE_OUTPUT
android/app/.cxx/RelWithDebInfo/6m6do712/x86/.cmake/api/v1/query/client-agp/cache-v2	github_only	REMOVE_GENERATED_FROM_TARGET	tracked local Android CMake build output absent from reviewed source archive	DELETED_GENERATED_NATIVE_OUTPUT
android/app/.cxx/RelWithDebInfo/6m6do712/x86/.cmake/api/v1/query/client-agp/cmakeFiles-v1	github_only	REMOVE_GENERATED_FROM_TARGET	tracked local Android CMake build output absent from reviewed source archive	DELETED_GENERATED_NATIVE_OUTPUT
android/app/.cxx/RelWithDebInfo/6m6do712/x86/.cmake/api/v1/query/client-agp/codemodel-v2	github_only	REMOVE_GENERATED_FROM_TARGET	tracked local Android CMake build output absent from reviewed source archive	DELETED_GENERATED_NATIVE_OUTPUT
android/app/.cxx/RelWithDebInfo/6m6do712/x86/.cmake/api/v1/reply/cache-v2-0132ee63902279d4a14f.json	github_only	REMOVE_GENERATED_FROM_TARGET	tracked local Android CMake build output absent from reviewed source archive	DELETED_GENERATED_NATIVE_OUTPUT
android/app/.cxx/RelWithDebInfo/6m6do712/x86/.cmake/api/v1/reply/cmakeFiles-v1-6ec65cb25d5bc3a5f04d.json	github_only	REMOVE_GENERATED_FROM_TARGET	tracked local Android CMake build output absent from reviewed source archive	DELETED_GENERATED_NATIVE_OUTPUT
android/app/.cxx/RelWithDebInfo/6m6do712/x86/.cmake/api/v1/reply/codemodel-v2-0223f5bce00c1160be43.json	github_only	REMOVE_GENERATED_FROM_TARGET	tracked local Android CMake build output absent from reviewed source archive	DELETED_GENERATED_NATIVE_OUTPUT
android/app/.cxx/RelWithDebInfo/6m6do712/x86/.cmake/api/v1/reply/directory-.-RelWithDebInfo-f5ebdc15457944623624.json	github_only	REMOVE_GENERATED_FROM_TARGET	tracked local Android CMake build output absent from reviewed source archive	DELETED_GENERATED_NATIVE_OUTPUT
android/app/.cxx/RelWithDebInfo/6m6do712/x86/.cmake/api/v1/reply/index-2025-03-17T17-28-19-0048.json	github_only	REMOVE_GENERATED_FROM_TARGET	tracked local Android CMake build output absent from reviewed source archive	DELETED_GENERATED_NATIVE_OUTPUT
android/app/.cxx/RelWithDebInfo/6m6do712/x86/CMakeCache.txt	github_only	REMOVE_GENERATED_FROM_TARGET	tracked local Android CMake build output absent from reviewed source archive	DELETED_GENERATED_NATIVE_OUTPUT
android/app/.cxx/RelWithDebInfo/6m6do712/x86/CMakeFiles/3.22.1-g37088a8/CMakeCCompiler.cmake	github_only	REMOVE_GENERATED_FROM_TARGET	tracked local Android CMake build output absent from reviewed source archive	DELETED_GENERATED_NATIVE_OUTPUT
android/app/.cxx/RelWithDebInfo/6m6do712/x86/CMakeFiles/3.22.1-g37088a8/CMakeCXXCompiler.cmake	github_only	REMOVE_GENERATED_FROM_TARGET	tracked local Android CMake build output absent from reviewed source archive	DELETED_GENERATED_NATIVE_OUTPUT
android/app/.cxx/RelWithDebInfo/6m6do712/x86/CMakeFiles/3.22.1-g37088a8/CMakeDetermineCompilerABI_C.bin	github_only	REMOVE_GENERATED_FROM_TARGET	tracked local Android CMake build output absent from reviewed source archive	DELETED_GENERATED_NATIVE_OUTPUT
android/app/.cxx/RelWithDebInfo/6m6do712/x86/CMakeFiles/3.22.1-g37088a8/CMakeDetermineCompilerABI_CXX.bin	github_only	REMOVE_GENERATED_FROM_TARGET	tracked local Android CMake build output absent from reviewed source archive	DELETED_GENERATED_NATIVE_OUTPUT
android/app/.cxx/RelWithDebInfo/6m6do712/x86/CMakeFiles/3.22.1-g37088a8/CMakeSystem.cmake	github_only	REMOVE_GENERATED_FROM_TARGET	tracked local Android CMake build output absent from reviewed source archive	DELETED_GENERATED_NATIVE_OUTPUT
android/app/.cxx/RelWithDebInfo/6m6do712/x86/CMakeFiles/3.22.1-g37088a8/CompilerIdC/CMakeCCompilerId.c	github_only	REMOVE_GENERATED_FROM_TARGET	tracked local Android CMake build output absent from reviewed source archive	DELETED_GENERATED_NATIVE_OUTPUT
android/app/.cxx/RelWithDebInfo/6m6do712/x86/CMakeFiles/3.22.1-g37088a8/CompilerIdC/CMakeCCompilerId.o	github_only	REMOVE_GENERATED_FROM_TARGET	tracked local Android CMake build output absent from reviewed source archive	DELETED_GENERATED_NATIVE_OUTPUT
android/app/.cxx/RelWithDebInfo/6m6do712/x86/CMakeFiles/3.22.1-g37088a8/CompilerIdCXX/CMakeCXXCompilerId.cpp	github_only	REMOVE_GENERATED_FROM_TARGET	tracked local Android CMake build output absent from reviewed source archive	DELETED_GENERATED_NATIVE_OUTPUT
android/app/.cxx/RelWithDebInfo/6m6do712/x86/CMakeFiles/3.22.1-g37088a8/CompilerIdCXX/CMakeCXXCompilerId.o	github_only	REMOVE_GENERATED_FROM_TARGET	tracked local Android CMake build output absent from reviewed source archive	DELETED_GENERATED_NATIVE_OUTPUT
android/app/.cxx/RelWithDebInfo/6m6do712/x86/CMakeFiles/TargetDirectories.txt	github_only	REMOVE_GENERATED_FROM_TARGET	tracked local Android CMake build output absent from reviewed source archive	DELETED_GENERATED_NATIVE_OUTPUT
android/app/.cxx/RelWithDebInfo/6m6do712/x86/CMakeFiles/cmake.check_cache	github_only	REMOVE_GENERATED_FROM_TARGET	tracked local Android CMake build output absent from reviewed source archive	DELETED_GENERATED_NATIVE_OUTPUT
android/app/.cxx/RelWithDebInfo/6m6do712/x86/CMakeFiles/rules.ninja	github_only	REMOVE_GENERATED_FROM_TARGET	tracked local Android CMake build output absent from reviewed source archive	DELETED_GENERATED_NATIVE_OUTPUT
android/app/.cxx/RelWithDebInfo/6m6do712/x86/additional_project_files.txt	github_only	REMOVE_GENERATED_FROM_TARGET	tracked local Android CMake build output absent from reviewed source archive	DELETED_GENERATED_NATIVE_OUTPUT
android/app/.cxx/RelWithDebInfo/6m6do712/x86/android_gradle_build.json	github_only	REMOVE_GENERATED_FROM_TARGET	tracked local Android CMake build output absent from reviewed source archive	DELETED_GENERATED_NATIVE_OUTPUT
android/app/.cxx/RelWithDebInfo/6m6do712/x86/android_gradle_build_mini.json	github_only	REMOVE_GENERATED_FROM_TARGET	tracked local Android CMake build output absent from reviewed source archive	DELETED_GENERATED_NATIVE_OUTPUT
android/app/.cxx/RelWithDebInfo/6m6do712/x86/build.ninja	github_only	REMOVE_GENERATED_FROM_TARGET	tracked local Android CMake build output absent from reviewed source archive	DELETED_GENERATED_NATIVE_OUTPUT
android/app/.cxx/RelWithDebInfo/6m6do712/x86/build_file_index.txt	github_only	REMOVE_GENERATED_FROM_TARGET	tracked local Android CMake build output absent from reviewed source archive	DELETED_GENERATED_NATIVE_OUTPUT
android/app/.cxx/RelWithDebInfo/6m6do712/x86/cmake_install.cmake	github_only	REMOVE_GENERATED_FROM_TARGET	tracked local Android CMake build output absent from reviewed source archive	DELETED_GENERATED_NATIVE_OUTPUT
android/app/.cxx/RelWithDebInfo/6m6do712/x86/configure_fingerprint.bin	github_only	REMOVE_GENERATED_FROM_TARGET	tracked local Android CMake build output absent from reviewed source archive	DELETED_GENERATED_NATIVE_OUTPUT
android/app/.cxx/RelWithDebInfo/6m6do712/x86/metadata_generation_command.txt	github_only	REMOVE_GENERATED_FROM_TARGET	tracked local Android CMake build output absent from reviewed source archive	DELETED_GENERATED_NATIVE_OUTPUT
android/app/.cxx/RelWithDebInfo/6m6do712/x86/prefab_config.json	github_only	REMOVE_GENERATED_FROM_TARGET	tracked local Android CMake build output absent from reviewed source archive	DELETED_GENERATED_NATIVE_OUTPUT
android/app/.cxx/RelWithDebInfo/6m6do712/x86/symbol_folder_index.txt	github_only	REMOVE_GENERATED_FROM_TARGET	tracked local Android CMake build output absent from reviewed source archive	DELETED_GENERATED_NATIVE_OUTPUT
android/app/.cxx/RelWithDebInfo/6m6do712/x86_64/.cmake/api/v1/query/client-agp/cache-v2	github_only	REMOVE_GENERATED_FROM_TARGET	tracked local Android CMake build output absent from reviewed source archive	DELETED_GENERATED_NATIVE_OUTPUT
android/app/.cxx/RelWithDebInfo/6m6do712/x86_64/.cmake/api/v1/query/client-agp/cmakeFiles-v1	github_only	REMOVE_GENERATED_FROM_TARGET	tracked local Android CMake build output absent from reviewed source archive	DELETED_GENERATED_NATIVE_OUTPUT
android/app/.cxx/RelWithDebInfo/6m6do712/x86_64/.cmake/api/v1/query/client-agp/codemodel-v2	github_only	REMOVE_GENERATED_FROM_TARGET	tracked local Android CMake build output absent from reviewed source archive	DELETED_GENERATED_NATIVE_OUTPUT
android/app/.cxx/RelWithDebInfo/6m6do712/x86_64/.cmake/api/v1/reply/cache-v2-c665a640404eaf6f2224.json	github_only	REMOVE_GENERATED_FROM_TARGET	tracked local Android CMake build output absent from reviewed source archive	DELETED_GENERATED_NATIVE_OUTPUT
android/app/.cxx/RelWithDebInfo/6m6do712/x86_64/.cmake/api/v1/reply/cmakeFiles-v1-92a0d25998da899dbaa7.json	github_only	REMOVE_GENERATED_FROM_TARGET	tracked local Android CMake build output absent from reviewed source archive	DELETED_GENERATED_NATIVE_OUTPUT
android/app/.cxx/RelWithDebInfo/6m6do712/x86_64/.cmake/api/v1/reply/codemodel-v2-49d0d5a8f91d6263ca4b.json	github_only	REMOVE_GENERATED_FROM_TARGET	tracked local Android CMake build output absent from reviewed source archive	DELETED_GENERATED_NATIVE_OUTPUT
android/app/.cxx/RelWithDebInfo/6m6do712/x86_64/.cmake/api/v1/reply/directory-.-RelWithDebInfo-f5ebdc15457944623624.json	github_only	REMOVE_GENERATED_FROM_TARGET	tracked local Android CMake build output absent from reviewed source archive	DELETED_GENERATED_NATIVE_OUTPUT
android/app/.cxx/RelWithDebInfo/6m6do712/x86_64/.cmake/api/v1/reply/index-2025-03-17T17-28-19-0502.json	github_only	REMOVE_GENERATED_FROM_TARGET	tracked local Android CMake build output absent from reviewed source archive	DELETED_GENERATED_NATIVE_OUTPUT
android/app/.cxx/RelWithDebInfo/6m6do712/x86_64/CMakeCache.txt	github_only	REMOVE_GENERATED_FROM_TARGET	tracked local Android CMake build output absent from reviewed source archive	DELETED_GENERATED_NATIVE_OUTPUT
android/app/.cxx/RelWithDebInfo/6m6do712/x86_64/CMakeFiles/3.22.1-g37088a8/CMakeCCompiler.cmake	github_only	REMOVE_GENERATED_FROM_TARGET	tracked local Android CMake build output absent from reviewed source archive	DELETED_GENERATED_NATIVE_OUTPUT
android/app/.cxx/RelWithDebInfo/6m6do712/x86_64/CMakeFiles/3.22.1-g37088a8/CMakeCXXCompiler.cmake	github_only	REMOVE_GENERATED_FROM_TARGET	tracked local Android CMake build output absent from reviewed source archive	DELETED_GENERATED_NATIVE_OUTPUT
android/app/.cxx/RelWithDebInfo/6m6do712/x86_64/CMakeFiles/3.22.1-g37088a8/CMakeDetermineCompilerABI_C.bin	github_only	REMOVE_GENERATED_FROM_TARGET	tracked local Android CMake build output absent from reviewed source archive	DELETED_GENERATED_NATIVE_OUTPUT
android/app/.cxx/RelWithDebInfo/6m6do712/x86_64/CMakeFiles/3.22.1-g37088a8/CMakeDetermineCompilerABI_CXX.bin	github_only	REMOVE_GENERATED_FROM_TARGET	tracked local Android CMake build output absent from reviewed source archive	DELETED_GENERATED_NATIVE_OUTPUT
android/app/.cxx/RelWithDebInfo/6m6do712/x86_64/CMakeFiles/3.22.1-g37088a8/CMakeSystem.cmake	github_only	REMOVE_GENERATED_FROM_TARGET	tracked local Android CMake build output absent from reviewed source archive	DELETED_GENERATED_NATIVE_OUTPUT
android/app/.cxx/RelWithDebInfo/6m6do712/x86_64/CMakeFiles/3.22.1-g37088a8/CompilerIdC/CMakeCCompilerId.c	github_only	REMOVE_GENERATED_FROM_TARGET	tracked local Android CMake build output absent from reviewed source archive	DELETED_GENERATED_NATIVE_OUTPUT
android/app/.cxx/RelWithDebInfo/6m6do712/x86_64/CMakeFiles/3.22.1-g37088a8/CompilerIdC/CMakeCCompilerId.o	github_only	REMOVE_GENERATED_FROM_TARGET	tracked local Android CMake build output absent from reviewed source archive	DELETED_GENERATED_NATIVE_OUTPUT
android/app/.cxx/RelWithDebInfo/6m6do712/x86_64/CMakeFiles/3.22.1-g37088a8/CompilerIdCXX/CMakeCXXCompilerId.cpp	github_only	REMOVE_GENERATED_FROM_TARGET	tracked local Android CMake build output absent from reviewed source archive	DELETED_GENERATED_NATIVE_OUTPUT
android/app/.cxx/RelWithDebInfo/6m6do712/x86_64/CMakeFiles/3.22.1-g37088a8/CompilerIdCXX/CMakeCXXCompilerId.o	github_only	REMOVE_GENERATED_FROM_TARGET	tracked local Android CMake build output absent from reviewed source archive	DELETED_GENERATED_NATIVE_OUTPUT
android/app/.cxx/RelWithDebInfo/6m6do712/x86_64/CMakeFiles/TargetDirectories.txt	github_only	REMOVE_GENERATED_FROM_TARGET	tracked local Android CMake build output absent from reviewed source archive	DELETED_GENERATED_NATIVE_OUTPUT
android/app/.cxx/RelWithDebInfo/6m6do712/x86_64/CMakeFiles/cmake.check_cache	github_only	REMOVE_GENERATED_FROM_TARGET	tracked local Android CMake build output absent from reviewed source archive	DELETED_GENERATED_NATIVE_OUTPUT
android/app/.cxx/RelWithDebInfo/6m6do712/x86_64/CMakeFiles/rules.ninja	github_only	REMOVE_GENERATED_FROM_TARGET	tracked local Android CMake build output absent from reviewed source archive	DELETED_GENERATED_NATIVE_OUTPUT
android/app/.cxx/RelWithDebInfo/6m6do712/x86_64/additional_project_files.txt	github_only	REMOVE_GENERATED_FROM_TARGET	tracked local Android CMake build output absent from reviewed source archive	DELETED_GENERATED_NATIVE_OUTPUT
android/app/.cxx/RelWithDebInfo/6m6do712/x86_64/android_gradle_build.json	github_only	REMOVE_GENERATED_FROM_TARGET	tracked local Android CMake build output absent from reviewed source archive	DELETED_GENERATED_NATIVE_OUTPUT
android/app/.cxx/RelWithDebInfo/6m6do712/x86_64/android_gradle_build_mini.json	github_only	REMOVE_GENERATED_FROM_TARGET	tracked local Android CMake build output absent from reviewed source archive	DELETED_GENERATED_NATIVE_OUTPUT
android/app/.cxx/RelWithDebInfo/6m6do712/x86_64/build.ninja	github_only	REMOVE_GENERATED_FROM_TARGET	tracked local Android CMake build output absent from reviewed source archive	DELETED_GENERATED_NATIVE_OUTPUT
android/app/.cxx/RelWithDebInfo/6m6do712/x86_64/build_file_index.txt	github_only	REMOVE_GENERATED_FROM_TARGET	tracked local Android CMake build output absent from reviewed source archive	DELETED_GENERATED_NATIVE_OUTPUT
android/app/.cxx/RelWithDebInfo/6m6do712/x86_64/cmake_install.cmake	github_only	REMOVE_GENERATED_FROM_TARGET	tracked local Android CMake build output absent from reviewed source archive	DELETED_GENERATED_NATIVE_OUTPUT
android/app/.cxx/RelWithDebInfo/6m6do712/x86_64/configure_fingerprint.bin	github_only	REMOVE_GENERATED_FROM_TARGET	tracked local Android CMake build output absent from reviewed source archive	DELETED_GENERATED_NATIVE_OUTPUT
android/app/.cxx/RelWithDebInfo/6m6do712/x86_64/metadata_generation_command.txt	github_only	REMOVE_GENERATED_FROM_TARGET	tracked local Android CMake build output absent from reviewed source archive	DELETED_GENERATED_NATIVE_OUTPUT
android/app/.cxx/RelWithDebInfo/6m6do712/x86_64/prefab_config.json	github_only	REMOVE_GENERATED_FROM_TARGET	tracked local Android CMake build output absent from reviewed source archive	DELETED_GENERATED_NATIVE_OUTPUT
android/app/.cxx/RelWithDebInfo/6m6do712/x86_64/symbol_folder_index.txt	github_only	REMOVE_GENERATED_FROM_TARGET	tracked local Android CMake build output absent from reviewed source archive	DELETED_GENERATED_NATIVE_OUTPUT
android/app/build.gradle	different	HAND_MERGE_PLATFORM	platform config or generated registrant needs targeted comparison	COPIED_REVIEWED_ARCHIVE
android/app/google-services(lrs).json	same	KEEP_BASE	same bytes in reviewed archive and GitHub dev	SAME_BYTES_IN_BOTH
android/app/google-services(wbrs).json	same	KEEP_BASE	same bytes in reviewed archive and GitHub dev	SAME_BYTES_IN_BOTH
android/app/google-services.json	same	KEEP_BASE	same bytes in reviewed archive and GitHub dev	SAME_BYTES_IN_BOTH
android/app/src/debug/AndroidManifest.xml	same	KEEP_BASE	same bytes in reviewed archive and GitHub dev	SAME_BYTES_IN_BOTH
android/app/src/main/AndroidManifest.xml	different	HAND_MERGE_PLATFORM	platform config or generated registrant needs targeted comparison	COPIED_REVIEWED_ARCHIVE
android/app/src/main/java/io/flutter/plugins/GeneratedPluginRegistrant.java	new	HAND_MERGE_PLATFORM	platform config or generated registrant needs targeted comparison	COPIED_REVIEWED_ARCHIVE
android/app/src/main/kotlin/com/lrs/MainActivity.kt	same	KEEP_BASE	same bytes in reviewed archive and GitHub dev	SAME_BYTES_IN_BOTH
android/app/src/main/res/drawable-v21/launch_background.xml	same	KEEP_BASE	same bytes in reviewed archive and GitHub dev	SAME_BYTES_IN_BOTH
android/app/src/main/res/drawable/launch_background.xml	same	KEEP_BASE	same bytes in reviewed archive and GitHub dev	SAME_BYTES_IN_BOTH
android/app/src/main/res/mipmap-hdpi/ic_launcher.png	same	KEEP_BASE	same bytes in reviewed archive and GitHub dev	SAME_BYTES_IN_BOTH
android/app/src/main/res/mipmap-mdpi/ic_launcher.png	same	KEEP_BASE	same bytes in reviewed archive and GitHub dev	SAME_BYTES_IN_BOTH
android/app/src/main/res/mipmap-xhdpi/ic_launcher.png	same	KEEP_BASE	same bytes in reviewed archive and GitHub dev	SAME_BYTES_IN_BOTH
android/app/src/main/res/mipmap-xxhdpi/ic_launcher.png	same	KEEP_BASE	same bytes in reviewed archive and GitHub dev	SAME_BYTES_IN_BOTH
android/app/src/main/res/mipmap-xxxhdpi/ic_launcher.png	same	KEEP_BASE	same bytes in reviewed archive and GitHub dev	SAME_BYTES_IN_BOTH
android/app/src/main/res/values-night/styles.xml	same	KEEP_BASE	same bytes in reviewed archive and GitHub dev	SAME_BYTES_IN_BOTH
android/app/src/main/res/values/styles.xml	same	KEEP_BASE	same bytes in reviewed archive and GitHub dev	SAME_BYTES_IN_BOTH
android/app/src/profile/AndroidManifest.xml	same	KEEP_BASE	same bytes in reviewed archive and GitHub dev	SAME_BYTES_IN_BOTH
android/app/src/sandbox/AndroidManifest.xml	new	HAND_MERGE_PLATFORM	platform config or generated registrant needs targeted comparison	COPIED_REVIEWED_ARCHIVE
android/app/src/sandbox/google-services.json	new	EXCLUDE_ENV_CONFIG	Firebase or signing environment configuration	NOT_IMPORTED_FROM_ARCHIVE
android/auth_recovery.json	new	EXCLUDE_EVIDENCE	device evidence from release archive	NOT_IMPORTED_FROM_ARCHIVE
android/build.gradle	different	HAND_MERGE_PLATFORM	platform config or generated registrant needs targeted comparison	COPIED_REVIEWED_ARCHIVE
android/gradle.properties	same	KEEP_BASE	same bytes in reviewed archive and GitHub dev	SAME_BYTES_IN_BOTH
android/gradle/wrapper/gradle-wrapper.jar	new	HAND_MERGE_PLATFORM	platform config or generated registrant needs targeted comparison	COPIED_REVIEWED_ARCHIVE
android/gradle/wrapper/gradle-wrapper.properties	same	KEEP_BASE	same bytes in reviewed archive and GitHub dev	SAME_BYTES_IN_BOTH
android/gradlew	new	HAND_MERGE_PLATFORM	platform config or generated registrant needs targeted comparison	COPIED_REVIEWED_ARCHIVE
android/gradlew.bat	new	HAND_MERGE_PLATFORM	platform config or generated registrant needs targeted comparison	COPIED_REVIEWED_ARCHIVE
android/lib/Robokassa_Library-release.aar	same	KEEP_BASE	same bytes in reviewed archive and GitHub dev	SAME_BYTES_IN_BOTH
android/screenshots/a_logout_login_page.png	new	EXCLUDE_EVIDENCE	test output or verification artifact	NOT_IMPORTED_FROM_ARCHIVE
android/screenshots/a_logout_login_page.xml	new	EXCLUDE_EVIDENCE	test output or verification artifact	NOT_IMPORTED_FROM_ARCHIVE
android/screenshots/a_profile_before.png	new	EXCLUDE_EVIDENCE	test output or verification artifact	NOT_IMPORTED_FROM_ARCHIVE
android/screenshots/a_profile_before.xml	new	EXCLUDE_EVIDENCE	test output or verification artifact	NOT_IMPORTED_FROM_ARCHIVE
android/screenshots/b_first_home.png	new	EXCLUDE_EVIDENCE	test output or verification artifact	NOT_IMPORTED_FROM_ARCHIVE
android/screenshots/b_first_home.xml	new	EXCLUDE_EVIDENCE	test output or verification artifact	NOT_IMPORTED_FROM_ARCHIVE
android/screenshots/b_login_keyboard_attempt.png	new	EXCLUDE_EVIDENCE	test output or verification artifact	NOT_IMPORTED_FROM_ARCHIVE
android/screenshots/b_login_keyboard_attempt.xml	new	EXCLUDE_EVIDENCE	test output or verification artifact	NOT_IMPORTED_FROM_ARCHIVE
android/screenshots/b_own_facts.png	new	EXCLUDE_EVIDENCE	test output or verification artifact	NOT_IMPORTED_FROM_ARCHIVE
android/screenshots/b_own_facts.xml	new	EXCLUDE_EVIDENCE	test output or verification artifact	NOT_IMPORTED_FROM_ARCHIVE
android/screenshots/b_own_friends.png	new	EXCLUDE_EVIDENCE	test output or verification artifact	NOT_IMPORTED_FROM_ARCHIVE
android/screenshots/b_own_friends.xml	new	EXCLUDE_EVIDENCE	test output or verification artifact	NOT_IMPORTED_FROM_ARCHIVE
android/screenshots/b_own_profile.png	new	EXCLUDE_EVIDENCE	test output or verification artifact	NOT_IMPORTED_FROM_ARCHIVE
android/screenshots/b_own_profile.xml	new	EXCLUDE_EVIDENCE	test output or verification artifact	NOT_IMPORTED_FROM_ARCHIVE
android/screenshots/comment_reaction_confirmed.png	new	EXCLUDE_EVIDENCE	test output or verification artifact	NOT_IMPORTED_FROM_ARCHIVE
android/screenshots/comment_reaction_confirmed.xml	new	EXCLUDE_EVIDENCE	test output or verification artifact	NOT_IMPORTED_FROM_ARCHIVE
android/screenshots/friends_nick_and_legacy.png	new	EXCLUDE_EVIDENCE	test output or verification artifact	NOT_IMPORTED_FROM_ARCHIVE
android/screenshots/friends_nick_and_legacy.xml	new	EXCLUDE_EVIDENCE	test output or verification artifact	NOT_IMPORTED_FROM_ARCHIVE
android/screenshots/friends_search_nickname.png	new	EXCLUDE_EVIDENCE	test output or verification artifact	NOT_IMPORTED_FROM_ARCHIVE
android/screenshots/friends_search_nickname.xml	new	EXCLUDE_EVIDENCE	test output or verification artifact	NOT_IMPORTED_FROM_ARCHIVE
android/screenshots/geo_draft_after_save.png	new	EXCLUDE_EVIDENCE	test output or verification artifact	NOT_IMPORTED_FROM_ARCHIVE
android/screenshots/geo_draft_after_save.xml	new	EXCLUDE_EVIDENCE	test output or verification artifact	NOT_IMPORTED_FROM_ARCHIVE
android/screenshots/geo_draft_before_save.png	new	EXCLUDE_EVIDENCE	test output or verification artifact	NOT_IMPORTED_FROM_ARCHIVE
android/screenshots/geo_draft_before_save.xml	new	EXCLUDE_EVIDENCE	test output or verification artifact	NOT_IMPORTED_FROM_ARCHIVE
android/screenshots/post_reaction_confirmed.png	new	EXCLUDE_EVIDENCE	test output or verification artifact	NOT_IMPORTED_FROM_ARCHIVE
android/screenshots/post_reaction_confirmed.xml	new	EXCLUDE_EVIDENCE	test output or verification artifact	NOT_IMPORTED_FROM_ARCHIVE
android/screenshots/translation_en_to_ru.png	new	EXCLUDE_EVIDENCE	test output or verification artifact	NOT_IMPORTED_FROM_ARCHIVE
android/screenshots/translation_en_to_ru.xml	new	EXCLUDE_EVIDENCE	test output or verification artifact	NOT_IMPORTED_FROM_ARCHIVE
android/screenshots/translation_original_restored.png	new	EXCLUDE_EVIDENCE	test output or verification artifact	NOT_IMPORTED_FROM_ARCHIVE
android/screenshots/translation_original_restored.xml	new	EXCLUDE_EVIDENCE	test output or verification artifact	NOT_IMPORTED_FROM_ARCHIVE
android/screenshots/translation_ru_to_en.png	new	EXCLUDE_EVIDENCE	test output or verification artifact	NOT_IMPORTED_FROM_ARCHIVE
android/screenshots/translation_ru_to_en.xml	new	EXCLUDE_EVIDENCE	test output or verification artifact	NOT_IMPORTED_FROM_ARCHIVE
android/screenshots/translation_sr_explicit_unsupported.png	new	EXCLUDE_EVIDENCE	test output or verification artifact	NOT_IMPORTED_FROM_ARCHIVE
android/screenshots/translation_sr_explicit_unsupported.xml	new	EXCLUDE_EVIDENCE	test output or verification artifact	NOT_IMPORTED_FROM_ARCHIVE
android/settings.gradle	same	KEEP_BASE	same bytes in reviewed archive and GitHub dev	SAME_BYTES_IN_BOTH
android/verification.json	new	HAND_MERGE_PLATFORM	platform config or generated registrant needs targeted comparison	COPIED_REVIEWED_ARCHIVE
assets/agreement.txt	same	KEEP_BASE	same bytes in reviewed archive and GitHub dev	SAME_BYTES_IN_BOTH
assets/attribution/translated-by-google.png	new	CANDIDATE_ASSET	design, localization, font or source asset	COPIED_REVIEWED_ARCHIVE
assets/circles/#U0431#U0435#U043b#U0430#U044f.png	new	HAND_REVIEW_ASSET_RENAME	reviewed archive uses escaped filenames while GitHub has Unicode circle assets	COPIED_REVIEWED_ARCHIVE
assets/circles/#U0431#U0435#U043b#U043e-#U043a#U043e#U0440#U0438#U0447#U043d#U0435#U0432#U0430#U044f.png	new	HAND_REVIEW_ASSET_RENAME	reviewed archive uses escaped filenames while GitHub has Unicode circle assets	COPIED_REVIEWED_ARCHIVE
assets/circles/#U0431#U0435#U043b#U043e-#U043a#U0440#U0430#U0441#U043d#U0430#U044f.png	new	HAND_REVIEW_ASSET_RENAME	reviewed archive uses escaped filenames while GitHub has Unicode circle assets	COPIED_REVIEWED_ARCHIVE
assets/circles/#U0431#U0435#U043b#U043e-#U0441#U0438#U043d#U044f#U044f.png	new	HAND_REVIEW_ASSET_RENAME	reviewed archive uses escaped filenames while GitHub has Unicode circle assets	COPIED_REVIEWED_ARCHIVE
assets/circles/#U043a#U043e#U0440#U0438#U0447#U043d#U0435#U0432#U0430#U044f.png	new	HAND_REVIEW_ASSET_RENAME	reviewed archive uses escaped filenames while GitHub has Unicode circle assets	COPIED_REVIEWED_ARCHIVE
assets/circles/#U043a#U043e#U0440#U0438#U0447#U043d#U0435#U0432#U043e-#U0431#U0435#U043b#U0430#U044f.png	new	HAND_REVIEW_ASSET_RENAME	reviewed archive uses escaped filenames while GitHub has Unicode circle assets	COPIED_REVIEWED_ARCHIVE
assets/circles/#U043a#U043e#U0440#U0438#U0447#U043d#U0435#U0432#U043e-#U043a#U0440#U0430#U0441#U043d#U0430#U044f.png	new	HAND_REVIEW_ASSET_RENAME	reviewed archive uses escaped filenames while GitHub has Unicode circle assets	COPIED_REVIEWED_ARCHIVE
assets/circles/#U043a#U043e#U0440#U0438#U0447#U043d#U0435#U0432#U043e-#U0441#U0438#U043d#U044f#U044f.png	new	HAND_REVIEW_ASSET_RENAME	reviewed archive uses escaped filenames while GitHub has Unicode circle assets	COPIED_REVIEWED_ARCHIVE
assets/circles/#U043a#U0440#U0430#U0441#U043d#U0430#U044f.png	new	HAND_REVIEW_ASSET_RENAME	reviewed archive uses escaped filenames while GitHub has Unicode circle assets	COPIED_REVIEWED_ARCHIVE
assets/circles/#U043a#U0440#U0430#U0441#U043d#U043e-#U0431#U0435#U043b#U0430#U044f.png	new	HAND_REVIEW_ASSET_RENAME	reviewed archive uses escaped filenames while GitHub has Unicode circle assets	COPIED_REVIEWED_ARCHIVE
assets/circles/#U043a#U0440#U0430#U0441#U043d#U043e-#U043a#U043e#U0440#U0438#U0447#U043d#U0435#U0432#U0430#U044f.png	new	HAND_REVIEW_ASSET_RENAME	reviewed archive uses escaped filenames while GitHub has Unicode circle assets	COPIED_REVIEWED_ARCHIVE
assets/circles/#U043a#U0440#U0430#U0441#U043d#U043e-#U0441#U0438#U043d#U044f#U044f.png	new	HAND_REVIEW_ASSET_RENAME	reviewed archive uses escaped filenames while GitHub has Unicode circle assets	COPIED_REVIEWED_ARCHIVE
assets/circles/#U0441#U0438#U043d#U0435-#U0431#U0435#U043b#U0430#U044f.png	new	HAND_REVIEW_ASSET_RENAME	reviewed archive uses escaped filenames while GitHub has Unicode circle assets	COPIED_REVIEWED_ARCHIVE
assets/circles/#U0441#U0438#U043d#U0435-#U043a#U043e#U0440#U0438#U0447#U043d#U0435#U0432#U0430#U044f.png	new	HAND_REVIEW_ASSET_RENAME	reviewed archive uses escaped filenames while GitHub has Unicode circle assets	COPIED_REVIEWED_ARCHIVE
assets/circles/#U0441#U0438#U043d#U0435-#U043a#U0440#U0430#U0441#U043d#U0430#U044f.png	new	HAND_REVIEW_ASSET_RENAME	reviewed archive uses escaped filenames while GitHub has Unicode circle assets	COPIED_REVIEWED_ARCHIVE
assets/circles/#U0441#U0438#U043d#U044f#U044f.png	new	HAND_REVIEW_ASSET_RENAME	reviewed archive uses escaped filenames while GitHub has Unicode circle assets	COPIED_REVIEWED_ARCHIVE
assets/circles/белая.png	github_only	HAND_REVIEW_OBSOLETE_ASSET	legacy Unicode filename absent from reviewed source archive	KEPT_GITHUB_BASE
assets/circles/бело-коричневая.png	github_only	HAND_REVIEW_OBSOLETE_ASSET	legacy Unicode filename absent from reviewed source archive	KEPT_GITHUB_BASE
assets/circles/бело-красная.png	github_only	HAND_REVIEW_OBSOLETE_ASSET	legacy Unicode filename absent from reviewed source archive	KEPT_GITHUB_BASE
assets/circles/бело-синяя.png	github_only	HAND_REVIEW_OBSOLETE_ASSET	legacy Unicode filename absent from reviewed source archive	KEPT_GITHUB_BASE
assets/circles/коричневая.png	github_only	HAND_REVIEW_OBSOLETE_ASSET	legacy Unicode filename absent from reviewed source archive	KEPT_GITHUB_BASE
assets/circles/коричнево-белая.png	github_only	HAND_REVIEW_OBSOLETE_ASSET	legacy Unicode filename absent from reviewed source archive	KEPT_GITHUB_BASE
assets/circles/коричнево-красная.png	github_only	HAND_REVIEW_OBSOLETE_ASSET	legacy Unicode filename absent from reviewed source archive	KEPT_GITHUB_BASE
assets/circles/коричнево-синяя.png	github_only	HAND_REVIEW_OBSOLETE_ASSET	legacy Unicode filename absent from reviewed source archive	KEPT_GITHUB_BASE
assets/circles/красная.png	github_only	HAND_REVIEW_OBSOLETE_ASSET	legacy Unicode filename absent from reviewed source archive	KEPT_GITHUB_BASE
assets/circles/красно-белая.png	github_only	HAND_REVIEW_OBSOLETE_ASSET	legacy Unicode filename absent from reviewed source archive	KEPT_GITHUB_BASE
assets/circles/красно-коричневая.png	github_only	HAND_REVIEW_OBSOLETE_ASSET	legacy Unicode filename absent from reviewed source archive	KEPT_GITHUB_BASE
assets/circles/красно-синяя.png	github_only	HAND_REVIEW_OBSOLETE_ASSET	legacy Unicode filename absent from reviewed source archive	KEPT_GITHUB_BASE
assets/circles/сине-белая.png	github_only	HAND_REVIEW_OBSOLETE_ASSET	legacy Unicode filename absent from reviewed source archive	KEPT_GITHUB_BASE
assets/circles/сине-коричневая.png	github_only	HAND_REVIEW_OBSOLETE_ASSET	legacy Unicode filename absent from reviewed source archive	KEPT_GITHUB_BASE
assets/circles/сине-красная.png	github_only	HAND_REVIEW_OBSOLETE_ASSET	legacy Unicode filename absent from reviewed source archive	KEPT_GITHUB_BASE
assets/circles/синяя.png	github_only	HAND_REVIEW_OBSOLETE_ASSET	legacy Unicode filename absent from reviewed source archive	KEPT_GITHUB_BASE
assets/credentials.json	github_only	REMOVE_SECRET_FROM_TARGET	tracked credential file absent from reviewed source archive	DELETED_TRACKED_CREDENTIAL
assets/family_01.jpg	new	CANDIDATE_ASSET	design, localization, font or source asset	COPIED_REVIEWED_ARCHIVE
assets/family_02.jpg	new	CANDIDATE_ASSET	design, localization, font or source asset	COPIED_REVIEWED_ARCHIVE
assets/family_alt.jpg	new	CANDIDATE_ASSET	design, localization, font or source asset	COPIED_REVIEWED_ARCHIVE
assets/family_forms.jpg	new	CANDIDATE_ASSET	design, localization, font or source asset	COPIED_REVIEWED_ARCHIVE
assets/family_login.jpg	new	CANDIDATE_ASSET	design, localization, font or source asset	COPIED_REVIEWED_ARCHIVE
assets/family_main.jpg	new	CANDIDATE_ASSET	design, localization, font or source asset	COPIED_REVIEWED_ARCHIVE
assets/family_register.jpg	new	CANDIDATE_ASSET	design, localization, font or source asset	COPIED_REVIEWED_ARCHIVE
assets/final_design/family_back.png	new	CANDIDATE_ASSET	design, localization, font or source asset	COPIED_REVIEWED_ARCHIVE
assets/final_design/family_front.png	new	CANDIDATE_ASSET	design, localization, font or source asset	COPIED_REVIEWED_ARCHIVE
assets/final_design/family_right.png	new	CANDIDATE_ASSET	design, localization, font or source asset	COPIED_REVIEWED_ARCHIVE
assets/final_design/feed_family.png	new	CANDIDATE_ASSET	design, localization, font or source asset	COPIED_REVIEWED_ARCHIVE
assets/final_design/house.png	new	CANDIDATE_ASSET	design, localization, font or source asset	COPIED_REVIEWED_ARCHIVE
assets/final_design/meeting_coffee.jpg	new	CANDIDATE_ASSET	design, localization, font or source asset	COPIED_REVIEWED_ARCHIVE
assets/final_design/meeting_park.jpg	new	CANDIDATE_ASSET	design, localization, font or source asset	COPIED_REVIEWED_ARCHIVE
assets/final_design/meeting_picnic.jpg	new	CANDIDATE_ASSET	design, localization, font or source asset	COPIED_REVIEWED_ARCHIVE
assets/fon-drawer.jpg	different	CANDIDATE_ASSET	design, localization, font or source asset	COPIED_REVIEWED_ARCHIVE
assets/fon.jpg	different	CANDIDATE_ASSET	design, localization, font or source asset	COPIED_REVIEWED_ARCHIVE
assets/fon2.jpg	different	CANDIDATE_ASSET	design, localization, font or source asset	COPIED_REVIEWED_ARCHIVE
assets/fon2_old_backup.jpg	new	CANDIDATE_ASSET	design, localization, font or source asset	COPIED_REVIEWED_ARCHIVE
assets/fon_old_backup.jpg	new	CANDIDATE_ASSET	design, localization, font or source asset	COPIED_REVIEWED_ARCHIVE
assets/fonts/Caveat-OFL.txt	new	CANDIDATE_ASSET	design, localization, font or source asset	COPIED_REVIEWED_ARCHIVE
assets/fonts/Caveat-Variable.ttf	new	CANDIDATE_ASSET	design, localization, font or source asset	COPIED_REVIEWED_ARCHIVE
assets/fonts/CormorantGaramond-OFL.txt	new	CANDIDATE_ASSET	design, localization, font or source asset	COPIED_REVIEWED_ARCHIVE
assets/fonts/CormorantGaramond-Variable.ttf	new	CANDIDATE_ASSET	design, localization, font or source asset	COPIED_REVIEWED_ARCHIVE
assets/fonts/Lato-Bold.ttf	new	CANDIDATE_ASSET	design, localization, font or source asset	COPIED_REVIEWED_ARCHIVE
assets/fonts/Lato-Regular.ttf	new	CANDIDATE_ASSET	design, localization, font or source asset	COPIED_REVIEWED_ARCHIVE
assets/fonts/OFL.txt	new	CANDIDATE_ASSET	design, localization, font or source asset	COPIED_REVIEWED_ARCHIVE
assets/geo_catalog.json	new	CANDIDATE_ASSET	design, localization, font or source asset	COPIED_REVIEWED_ARCHIVE
assets/gifts/1.png	different	EXCLUDE_PAYMENT_ASSET	payment or gift presentation asset	NOT_IMPORTED_FROM_ARCHIVE
assets/gifts/10.png	different	EXCLUDE_PAYMENT_ASSET	payment or gift presentation asset	NOT_IMPORTED_FROM_ARCHIVE
assets/gifts/11.png	different	EXCLUDE_PAYMENT_ASSET	payment or gift presentation asset	NOT_IMPORTED_FROM_ARCHIVE
assets/gifts/12.png	different	EXCLUDE_PAYMENT_ASSET	payment or gift presentation asset	NOT_IMPORTED_FROM_ARCHIVE
assets/gifts/13.png	different	EXCLUDE_PAYMENT_ASSET	payment or gift presentation asset	NOT_IMPORTED_FROM_ARCHIVE
assets/gifts/14.png	different	EXCLUDE_PAYMENT_ASSET	payment or gift presentation asset	NOT_IMPORTED_FROM_ARCHIVE
assets/gifts/15.png	different	EXCLUDE_PAYMENT_ASSET	payment or gift presentation asset	NOT_IMPORTED_FROM_ARCHIVE
assets/gifts/16.png	different	EXCLUDE_PAYMENT_ASSET	payment or gift presentation asset	NOT_IMPORTED_FROM_ARCHIVE
assets/gifts/17.png	different	EXCLUDE_PAYMENT_ASSET	payment or gift presentation asset	NOT_IMPORTED_FROM_ARCHIVE
assets/gifts/18.png	different	EXCLUDE_PAYMENT_ASSET	payment or gift presentation asset	NOT_IMPORTED_FROM_ARCHIVE
assets/gifts/19.png	different	EXCLUDE_PAYMENT_ASSET	payment or gift presentation asset	NOT_IMPORTED_FROM_ARCHIVE
assets/gifts/2.png	different	EXCLUDE_PAYMENT_ASSET	payment or gift presentation asset	NOT_IMPORTED_FROM_ARCHIVE
assets/gifts/20.png	different	EXCLUDE_PAYMENT_ASSET	payment or gift presentation asset	NOT_IMPORTED_FROM_ARCHIVE
assets/gifts/21.png	different	EXCLUDE_PAYMENT_ASSET	payment or gift presentation asset	NOT_IMPORTED_FROM_ARCHIVE
assets/gifts/22.png	different	EXCLUDE_PAYMENT_ASSET	payment or gift presentation asset	NOT_IMPORTED_FROM_ARCHIVE
assets/gifts/23.png	different	EXCLUDE_PAYMENT_ASSET	payment or gift presentation asset	NOT_IMPORTED_FROM_ARCHIVE
assets/gifts/24.png	different	EXCLUDE_PAYMENT_ASSET	payment or gift presentation asset	NOT_IMPORTED_FROM_ARCHIVE
assets/gifts/25.png	different	EXCLUDE_PAYMENT_ASSET	payment or gift presentation asset	NOT_IMPORTED_FROM_ARCHIVE
assets/gifts/26.png	different	EXCLUDE_PAYMENT_ASSET	payment or gift presentation asset	NOT_IMPORTED_FROM_ARCHIVE
assets/gifts/27.png	different	EXCLUDE_PAYMENT_ASSET	payment or gift presentation asset	NOT_IMPORTED_FROM_ARCHIVE
assets/gifts/28.png	different	EXCLUDE_PAYMENT_ASSET	payment or gift presentation asset	NOT_IMPORTED_FROM_ARCHIVE
assets/gifts/29.png	different	EXCLUDE_PAYMENT_ASSET	payment or gift presentation asset	NOT_IMPORTED_FROM_ARCHIVE
assets/gifts/3.png	different	EXCLUDE_PAYMENT_ASSET	payment or gift presentation asset	NOT_IMPORTED_FROM_ARCHIVE
assets/gifts/30.png	different	EXCLUDE_PAYMENT_ASSET	payment or gift presentation asset	NOT_IMPORTED_FROM_ARCHIVE
assets/gifts/31.png	different	EXCLUDE_PAYMENT_ASSET	payment or gift presentation asset	NOT_IMPORTED_FROM_ARCHIVE
assets/gifts/32.png	different	EXCLUDE_PAYMENT_ASSET	payment or gift presentation asset	NOT_IMPORTED_FROM_ARCHIVE
assets/gifts/33.png	different	EXCLUDE_PAYMENT_ASSET	payment or gift presentation asset	NOT_IMPORTED_FROM_ARCHIVE
assets/gifts/34.png	different	EXCLUDE_PAYMENT_ASSET	payment or gift presentation asset	NOT_IMPORTED_FROM_ARCHIVE
assets/gifts/35.png	different	EXCLUDE_PAYMENT_ASSET	payment or gift presentation asset	NOT_IMPORTED_FROM_ARCHIVE
assets/gifts/36.png	different	EXCLUDE_PAYMENT_ASSET	payment or gift presentation asset	NOT_IMPORTED_FROM_ARCHIVE
assets/gifts/37.png	different	EXCLUDE_PAYMENT_ASSET	payment or gift presentation asset	NOT_IMPORTED_FROM_ARCHIVE
assets/gifts/38.png	different	EXCLUDE_PAYMENT_ASSET	payment or gift presentation asset	NOT_IMPORTED_FROM_ARCHIVE
assets/gifts/39.png	different	EXCLUDE_PAYMENT_ASSET	payment or gift presentation asset	NOT_IMPORTED_FROM_ARCHIVE
assets/gifts/4.png	different	EXCLUDE_PAYMENT_ASSET	payment or gift presentation asset	NOT_IMPORTED_FROM_ARCHIVE
assets/gifts/40.png	different	EXCLUDE_PAYMENT_ASSET	payment or gift presentation asset	NOT_IMPORTED_FROM_ARCHIVE
assets/gifts/41.png	different	EXCLUDE_PAYMENT_ASSET	payment or gift presentation asset	NOT_IMPORTED_FROM_ARCHIVE
assets/gifts/42.png	different	EXCLUDE_PAYMENT_ASSET	payment or gift presentation asset	NOT_IMPORTED_FROM_ARCHIVE
assets/gifts/43.png	different	EXCLUDE_PAYMENT_ASSET	payment or gift presentation asset	NOT_IMPORTED_FROM_ARCHIVE
assets/gifts/44.png	different	EXCLUDE_PAYMENT_ASSET	payment or gift presentation asset	NOT_IMPORTED_FROM_ARCHIVE
assets/gifts/45.png	different	EXCLUDE_PAYMENT_ASSET	payment or gift presentation asset	NOT_IMPORTED_FROM_ARCHIVE
assets/gifts/46.png	different	EXCLUDE_PAYMENT_ASSET	payment or gift presentation asset	NOT_IMPORTED_FROM_ARCHIVE
assets/gifts/47.png	different	EXCLUDE_PAYMENT_ASSET	payment or gift presentation asset	NOT_IMPORTED_FROM_ARCHIVE
assets/gifts/48.png	different	EXCLUDE_PAYMENT_ASSET	payment or gift presentation asset	NOT_IMPORTED_FROM_ARCHIVE
assets/gifts/49.png	different	EXCLUDE_PAYMENT_ASSET	payment or gift presentation asset	NOT_IMPORTED_FROM_ARCHIVE
assets/gifts/5.png	different	EXCLUDE_PAYMENT_ASSET	payment or gift presentation asset	NOT_IMPORTED_FROM_ARCHIVE
assets/gifts/50.png	different	EXCLUDE_PAYMENT_ASSET	payment or gift presentation asset	NOT_IMPORTED_FROM_ARCHIVE
assets/gifts/51.png	different	EXCLUDE_PAYMENT_ASSET	payment or gift presentation asset	NOT_IMPORTED_FROM_ARCHIVE
assets/gifts/52.png	different	EXCLUDE_PAYMENT_ASSET	payment or gift presentation asset	NOT_IMPORTED_FROM_ARCHIVE
assets/gifts/53.png	different	EXCLUDE_PAYMENT_ASSET	payment or gift presentation asset	NOT_IMPORTED_FROM_ARCHIVE
assets/gifts/54.png	different	EXCLUDE_PAYMENT_ASSET	payment or gift presentation asset	NOT_IMPORTED_FROM_ARCHIVE
assets/gifts/55.png	different	EXCLUDE_PAYMENT_ASSET	payment or gift presentation asset	NOT_IMPORTED_FROM_ARCHIVE
assets/gifts/56.png	different	EXCLUDE_PAYMENT_ASSET	payment or gift presentation asset	NOT_IMPORTED_FROM_ARCHIVE
assets/gifts/57.png	different	EXCLUDE_PAYMENT_ASSET	payment or gift presentation asset	NOT_IMPORTED_FROM_ARCHIVE
assets/gifts/58.png	different	EXCLUDE_PAYMENT_ASSET	payment or gift presentation asset	NOT_IMPORTED_FROM_ARCHIVE
assets/gifts/59.png	different	EXCLUDE_PAYMENT_ASSET	payment or gift presentation asset	NOT_IMPORTED_FROM_ARCHIVE
assets/gifts/6.png	different	EXCLUDE_PAYMENT_ASSET	payment or gift presentation asset	NOT_IMPORTED_FROM_ARCHIVE
assets/gifts/60.png	different	EXCLUDE_PAYMENT_ASSET	payment or gift presentation asset	NOT_IMPORTED_FROM_ARCHIVE
assets/gifts/61.png	different	EXCLUDE_PAYMENT_ASSET	payment or gift presentation asset	NOT_IMPORTED_FROM_ARCHIVE
assets/gifts/62.png	different	EXCLUDE_PAYMENT_ASSET	payment or gift presentation asset	NOT_IMPORTED_FROM_ARCHIVE
assets/gifts/63.png	different	EXCLUDE_PAYMENT_ASSET	payment or gift presentation asset	NOT_IMPORTED_FROM_ARCHIVE
assets/gifts/64.png	different	EXCLUDE_PAYMENT_ASSET	payment or gift presentation asset	NOT_IMPORTED_FROM_ARCHIVE
assets/gifts/65.png	different	EXCLUDE_PAYMENT_ASSET	payment or gift presentation asset	NOT_IMPORTED_FROM_ARCHIVE
assets/gifts/66.png	different	EXCLUDE_PAYMENT_ASSET	payment or gift presentation asset	NOT_IMPORTED_FROM_ARCHIVE
assets/gifts/7.png	different	EXCLUDE_PAYMENT_ASSET	payment or gift presentation asset	NOT_IMPORTED_FROM_ARCHIVE
assets/gifts/8.png	different	EXCLUDE_PAYMENT_ASSET	payment or gift presentation asset	NOT_IMPORTED_FROM_ARCHIVE
assets/gifts/9.png	different	EXCLUDE_PAYMENT_ASSET	payment or gift presentation asset	NOT_IMPORTED_FROM_ARCHIVE
assets/gifts/test.png	same	KEEP_BASE	same bytes in reviewed archive and GitHub dev	SAME_BYTES_IN_BOTH
assets/gifts/test2.png	same	KEEP_BASE	same bytes in reviewed archive and GitHub dev	SAME_BYTES_IN_BOTH
assets/gifts/test3.png	same	KEEP_BASE	same bytes in reviewed archive and GitHub dev	SAME_BYTES_IN_BOTH
assets/gifts/test4.png	same	KEEP_BASE	same bytes in reviewed archive and GitHub dev	SAME_BYTES_IN_BOTH
assets/gifts/yaht.svg	same	KEEP_BASE	same bytes in reviewed archive and GitHub dev	SAME_BYTES_IN_BOTH
assets/key_api	github_only	REMOVE_SECRET_FROM_TARGET	tracked credential file absent from reviewed source archive	DELETED_TRACKED_CREDENTIAL
assets/l10n/bg.json	new	HAND_MERGE_LOCALIZATION	catalogs include protected payment and balance copy; merge entries selectively	COPIED_REVIEWED_ARCHIVE
assets/l10n/cs.json	new	HAND_MERGE_LOCALIZATION	catalogs include protected payment and balance copy; merge entries selectively	COPIED_REVIEWED_ARCHIVE
assets/l10n/da.json	new	HAND_MERGE_LOCALIZATION	catalogs include protected payment and balance copy; merge entries selectively	COPIED_REVIEWED_ARCHIVE
assets/l10n/de.json	new	HAND_MERGE_LOCALIZATION	catalogs include protected payment and balance copy; merge entries selectively	COPIED_REVIEWED_ARCHIVE
assets/l10n/el.json	new	HAND_MERGE_LOCALIZATION	catalogs include protected payment and balance copy; merge entries selectively	COPIED_REVIEWED_ARCHIVE
assets/l10n/en.json	new	HAND_MERGE_LOCALIZATION	catalogs include protected payment and balance copy; merge entries selectively	COPIED_REVIEWED_ARCHIVE
assets/l10n/es.json	new	HAND_MERGE_LOCALIZATION	catalogs include protected payment and balance copy; merge entries selectively	COPIED_REVIEWED_ARCHIVE
assets/l10n/fi.json	new	HAND_MERGE_LOCALIZATION	catalogs include protected payment and balance copy; merge entries selectively	COPIED_REVIEWED_ARCHIVE
assets/l10n/fr.json	new	HAND_MERGE_LOCALIZATION	catalogs include protected payment and balance copy; merge entries selectively	COPIED_REVIEWED_ARCHIVE
assets/l10n/hu.json	new	HAND_MERGE_LOCALIZATION	catalogs include protected payment and balance copy; merge entries selectively	COPIED_REVIEWED_ARCHIVE
assets/l10n/is.json	new	HAND_MERGE_LOCALIZATION	catalogs include protected payment and balance copy; merge entries selectively	COPIED_REVIEWED_ARCHIVE
assets/l10n/it.json	new	HAND_MERGE_LOCALIZATION	catalogs include protected payment and balance copy; merge entries selectively	COPIED_REVIEWED_ARCHIVE
assets/l10n/mk.json	new	HAND_MERGE_LOCALIZATION	catalogs include protected payment and balance copy; merge entries selectively	COPIED_REVIEWED_ARCHIVE
assets/l10n/nb.json	new	HAND_MERGE_LOCALIZATION	catalogs include protected payment and balance copy; merge entries selectively	COPIED_REVIEWED_ARCHIVE
assets/l10n/nl.json	new	HAND_MERGE_LOCALIZATION	catalogs include protected payment and balance copy; merge entries selectively	COPIED_REVIEWED_ARCHIVE
assets/l10n/pl.json	new	HAND_MERGE_LOCALIZATION	catalogs include protected payment and balance copy; merge entries selectively	COPIED_REVIEWED_ARCHIVE
assets/l10n/pt.json	new	HAND_MERGE_LOCALIZATION	catalogs include protected payment and balance copy; merge entries selectively	COPIED_REVIEWED_ARCHIVE
assets/l10n/ro.json	new	HAND_MERGE_LOCALIZATION	catalogs include protected payment and balance copy; merge entries selectively	COPIED_REVIEWED_ARCHIVE
assets/l10n/ru.json	new	HAND_MERGE_LOCALIZATION	catalogs include protected payment and balance copy; merge entries selectively	COPIED_REVIEWED_ARCHIVE
assets/l10n/sk.json	new	HAND_MERGE_LOCALIZATION	catalogs include protected payment and balance copy; merge entries selectively	COPIED_REVIEWED_ARCHIVE
assets/l10n/sl.json	new	HAND_MERGE_LOCALIZATION	catalogs include protected payment and balance copy; merge entries selectively	COPIED_REVIEWED_ARCHIVE
assets/l10n/sr.json	new	HAND_MERGE_LOCALIZATION	catalogs include protected payment and balance copy; merge entries selectively	COPIED_REVIEWED_ARCHIVE
assets/l10n/sv.json	new	HAND_MERGE_LOCALIZATION	catalogs include protected payment and balance copy; merge entries selectively	COPIED_REVIEWED_ARCHIVE
assets/languages.json	new	CANDIDATE_ASSET	design, localization, font or source asset	COPIED_REVIEWED_ARCHIVE
assets/licenses/Babel.txt	new	CANDIDATE_ASSET	design, localization, font or source asset	COPIED_REVIEWED_ARCHIVE
assets/licenses/CLDR.txt	new	CANDIDATE_ASSET	design, localization, font or source asset	COPIED_REVIEWED_ARCHIVE
assets/login.png	same	KEEP_BASE	same bytes in reviewed archive and GitHub dev	SAME_BYTES_IN_BOTH
assets/logo.png	different	CANDIDATE_ASSET	design, localization, font or source asset	COPIED_REVIEWED_ARCHIVE
assets/logo_old_backup.png	new	CANDIDATE_ASSET	design, localization, font or source asset	COPIED_REVIEWED_ARCHIVE
assets/offer.txt	same	KEEP_BASE	same bytes in reviewed archive and GitHub dev	SAME_BYTES_IN_BOTH
assets/pay/qr.jpeg	same	KEEP_BASE	same bytes in reviewed archive and GitHub dev	SAME_BYTES_IN_BOTH
assets/policy.txt	same	KEEP_BASE	same bytes in reviewed archive and GitHub dev	SAME_BYTES_IN_BOTH
assets/profile.png	same	KEEP_BASE	same bytes in reviewed archive and GitHub dev	SAME_BYTES_IN_BOTH
assets/register.png	same	KEEP_BASE	same bytes in reviewed archive and GitHub dev	SAME_BYTES_IN_BOTH
assets/registration_consent_bg.jpg	new	CANDIDATE_ASSET	design, localization, font or source asset	COPIED_REVIEWED_ARCHIVE
assets/rules.txt	same	KEEP_BASE	same bytes in reviewed archive and GitHub dev	SAME_BYTES_IN_BOTH
build_android_release.sh	new	REVIEW_BUILD_DOC	local build or historical release document	COPIED_REVIEWED_ARCHIVE
delivery-scope-final.json	new	EXCLUDE_EVIDENCE	release status or environment evidence	NOT_IMPORTED_FROM_ARCHIVE
devtools_options.yaml	github_only	KEEP_BASE_UNLESS_REVIEWED	GitHub file absent from archive; preserve until reviewed	KEPT_GITHUB_BASE
email-transition-verification.json	new	EXCLUDE_EVIDENCE	release status or environment evidence	NOT_IMPORTED_FROM_ARCHIVE
feed-query-live.json	new	EXCLUDE_EVIDENCE	release status or environment evidence	NOT_IMPORTED_FROM_ARCHIVE
final-permissions-check.json	new	EXCLUDE_EVIDENCE	release status or environment evidence	NOT_IMPORTED_FROM_ARCHIVE
firebase.json	same	KEEP_BASE	same bytes in reviewed archive and GitHub dev	SAME_BYTES_IN_BOTH
friends_reactions_verification.json	new	EXCLUDE_EVIDENCE	release status or environment evidence	NOT_IMPORTED_FROM_ARCHIVE
functional_matrix.md	new	EXCLUDE_EVIDENCE	release status or environment evidence	NOT_IMPORTED_FROM_ARCHIVE
ios/.gitignore	same	KEEP_BASE	same bytes in reviewed archive and GitHub dev	SAME_BYTES_IN_BOTH
ios/Flutter/AppFrameworkInfo.plist	same	KEEP_BASE	same bytes in reviewed archive and GitHub dev	SAME_BYTES_IN_BOTH
ios/Flutter/Debug.xcconfig	same	KEEP_BASE	same bytes in reviewed archive and GitHub dev	SAME_BYTES_IN_BOTH
ios/Flutter/Release.xcconfig	same	KEEP_BASE	same bytes in reviewed archive and GitHub dev	SAME_BYTES_IN_BOTH
ios/Podfile	different	HAND_MERGE_PLATFORM	platform config or generated registrant needs targeted comparison	COPIED_REVIEWED_ARCHIVE
ios/Podfile.lock	same	KEEP_BASE	same bytes in reviewed archive and GitHub dev	SAME_BYTES_IN_BOTH
ios/Runner.xcodeproj/project.pbxproj	different	HAND_MERGE_PLATFORM	platform config or generated registrant needs targeted comparison	COPIED_REVIEWED_ARCHIVE
ios/Runner.xcodeproj/project.xcworkspace/contents.xcworkspacedata	same	KEEP_BASE	same bytes in reviewed archive and GitHub dev	SAME_BYTES_IN_BOTH
ios/Runner.xcodeproj/project.xcworkspace/xcshareddata/IDEWorkspaceChecks.plist	same	KEEP_BASE	same bytes in reviewed archive and GitHub dev	SAME_BYTES_IN_BOTH
ios/Runner.xcodeproj/project.xcworkspace/xcshareddata/WorkspaceSettings.xcsettings	same	KEEP_BASE	same bytes in reviewed archive and GitHub dev	SAME_BYTES_IN_BOTH
ios/Runner.xcodeproj/xcshareddata/xcschemes/Runner.xcscheme	same	KEEP_BASE	same bytes in reviewed archive and GitHub dev	SAME_BYTES_IN_BOTH
ios/Runner.xcworkspace/contents.xcworkspacedata	same	KEEP_BASE	same bytes in reviewed archive and GitHub dev	SAME_BYTES_IN_BOTH
ios/Runner.xcworkspace/xcshareddata/IDEWorkspaceChecks.plist	same	KEEP_BASE	same bytes in reviewed archive and GitHub dev	SAME_BYTES_IN_BOTH
ios/Runner.xcworkspace/xcshareddata/WorkspaceSettings.xcsettings	same	KEEP_BASE	same bytes in reviewed archive and GitHub dev	SAME_BYTES_IN_BOTH
ios/Runner/AppDelegate.swift	same	KEEP_BASE	same bytes in reviewed archive and GitHub dev	SAME_BYTES_IN_BOTH
ios/Runner/Assets.xcassets/AppIcon.appiconset/Contents.json	same	KEEP_BASE	same bytes in reviewed archive and GitHub dev	SAME_BYTES_IN_BOTH
ios/Runner/Assets.xcassets/AppIcon.appiconset/Icon-App-1024x1024@1x.png	same	KEEP_BASE	same bytes in reviewed archive and GitHub dev	SAME_BYTES_IN_BOTH
ios/Runner/Assets.xcassets/AppIcon.appiconset/Icon-App-20x20@1x.png	same	KEEP_BASE	same bytes in reviewed archive and GitHub dev	SAME_BYTES_IN_BOTH
ios/Runner/Assets.xcassets/AppIcon.appiconset/Icon-App-20x20@2x.png	same	KEEP_BASE	same bytes in reviewed archive and GitHub dev	SAME_BYTES_IN_BOTH
ios/Runner/Assets.xcassets/AppIcon.appiconset/Icon-App-20x20@3x.png	same	KEEP_BASE	same bytes in reviewed archive and GitHub dev	SAME_BYTES_IN_BOTH
ios/Runner/Assets.xcassets/AppIcon.appiconset/Icon-App-29x29@1x.png	same	KEEP_BASE	same bytes in reviewed archive and GitHub dev	SAME_BYTES_IN_BOTH
ios/Runner/Assets.xcassets/AppIcon.appiconset/Icon-App-29x29@2x.png	same	KEEP_BASE	same bytes in reviewed archive and GitHub dev	SAME_BYTES_IN_BOTH
ios/Runner/Assets.xcassets/AppIcon.appiconset/Icon-App-29x29@3x.png	same	KEEP_BASE	same bytes in reviewed archive and GitHub dev	SAME_BYTES_IN_BOTH
ios/Runner/Assets.xcassets/AppIcon.appiconset/Icon-App-40x40@1x.png	same	KEEP_BASE	same bytes in reviewed archive and GitHub dev	SAME_BYTES_IN_BOTH
ios/Runner/Assets.xcassets/AppIcon.appiconset/Icon-App-40x40@2x.png	same	KEEP_BASE	same bytes in reviewed archive and GitHub dev	SAME_BYTES_IN_BOTH
ios/Runner/Assets.xcassets/AppIcon.appiconset/Icon-App-40x40@3x.png	same	KEEP_BASE	same bytes in reviewed archive and GitHub dev	SAME_BYTES_IN_BOTH
ios/Runner/Assets.xcassets/AppIcon.appiconset/Icon-App-50x50@1x.png	same	KEEP_BASE	same bytes in reviewed archive and GitHub dev	SAME_BYTES_IN_BOTH
ios/Runner/Assets.xcassets/AppIcon.appiconset/Icon-App-50x50@2x.png	same	KEEP_BASE	same bytes in reviewed archive and GitHub dev	SAME_BYTES_IN_BOTH
ios/Runner/Assets.xcassets/AppIcon.appiconset/Icon-App-57x57@1x.png	same	KEEP_BASE	same bytes in reviewed archive and GitHub dev	SAME_BYTES_IN_BOTH
ios/Runner/Assets.xcassets/AppIcon.appiconset/Icon-App-57x57@2x.png	same	KEEP_BASE	same bytes in reviewed archive and GitHub dev	SAME_BYTES_IN_BOTH
ios/Runner/Assets.xcassets/AppIcon.appiconset/Icon-App-60x60@2x.png	same	KEEP_BASE	same bytes in reviewed archive and GitHub dev	SAME_BYTES_IN_BOTH
ios/Runner/Assets.xcassets/AppIcon.appiconset/Icon-App-60x60@3x.png	same	KEEP_BASE	same bytes in reviewed archive and GitHub dev	SAME_BYTES_IN_BOTH
ios/Runner/Assets.xcassets/AppIcon.appiconset/Icon-App-72x72@1x.png	same	KEEP_BASE	same bytes in reviewed archive and GitHub dev	SAME_BYTES_IN_BOTH
ios/Runner/Assets.xcassets/AppIcon.appiconset/Icon-App-72x72@2x.png	same	KEEP_BASE	same bytes in reviewed archive and GitHub dev	SAME_BYTES_IN_BOTH
ios/Runner/Assets.xcassets/AppIcon.appiconset/Icon-App-76x76@1x.png	same	KEEP_BASE	same bytes in reviewed archive and GitHub dev	SAME_BYTES_IN_BOTH
ios/Runner/Assets.xcassets/AppIcon.appiconset/Icon-App-76x76@2x.png	same	KEEP_BASE	same bytes in reviewed archive and GitHub dev	SAME_BYTES_IN_BOTH
ios/Runner/Assets.xcassets/AppIcon.appiconset/Icon-App-83.5x83.5@2x.png	same	KEEP_BASE	same bytes in reviewed archive and GitHub dev	SAME_BYTES_IN_BOTH
ios/Runner/Assets.xcassets/LaunchImage.imageset/Contents.json	same	KEEP_BASE	same bytes in reviewed archive and GitHub dev	SAME_BYTES_IN_BOTH
ios/Runner/Assets.xcassets/LaunchImage.imageset/LaunchImage.png	same	KEEP_BASE	same bytes in reviewed archive and GitHub dev	SAME_BYTES_IN_BOTH
ios/Runner/Assets.xcassets/LaunchImage.imageset/LaunchImage@2x.png	same	KEEP_BASE	same bytes in reviewed archive and GitHub dev	SAME_BYTES_IN_BOTH
ios/Runner/Assets.xcassets/LaunchImage.imageset/LaunchImage@3x.png	same	KEEP_BASE	same bytes in reviewed archive and GitHub dev	SAME_BYTES_IN_BOTH
ios/Runner/Assets.xcassets/LaunchImage.imageset/README.md	same	KEEP_BASE	same bytes in reviewed archive and GitHub dev	SAME_BYTES_IN_BOTH
ios/Runner/Base.lproj/LaunchScreen.storyboard	same	KEEP_BASE	same bytes in reviewed archive and GitHub dev	SAME_BYTES_IN_BOTH
ios/Runner/Base.lproj/Main.storyboard	same	KEEP_BASE	same bytes in reviewed archive and GitHub dev	SAME_BYTES_IN_BOTH
ios/Runner/GeneratedPluginRegistrant.h	new	HAND_MERGE_PLATFORM	platform config or generated registrant needs targeted comparison	COPIED_REVIEWED_ARCHIVE
ios/Runner/GeneratedPluginRegistrant.m	new	HAND_MERGE_PLATFORM	platform config or generated registrant needs targeted comparison	COPIED_REVIEWED_ARCHIVE
ios/Runner/GoogleService-Info.plist	same	KEEP_BASE	same bytes in reviewed archive and GitHub dev	SAME_BYTES_IN_BOTH
ios/Runner/Info.plist	different	HAND_MERGE_PLATFORM	platform config or generated registrant needs targeted comparison	COPIED_REVIEWED_ARCHIVE
ios/Runner/Runner-Bridging-Header.h	same	KEEP_BASE	same bytes in reviewed archive and GitHub dev	SAME_BYTES_IN_BOTH
ios/RunnerTests/RunnerTests.swift	same	KEEP_BASE	same bytes in reviewed archive and GitHub dev	SAME_BYTES_IN_BOTH
ios/firebase_app_id_file.json	same	KEEP_BASE	same bytes in reviewed archive and GitHub dev	SAME_BYTES_IN_BOTH
lib/app.dart	same	KEEP_BASE	same bytes in reviewed archive and GitHub dev	SAME_BYTES_IN_BOTH
lib/app/helper/global.dart	different	HAND_MERGE_PAYMENT_SHARED	shared navigation, profile, balance or gift behavior	COPIED_REVIEWED_ARCHIVE
lib/app/helper/helper_function.dart	different	HAND_MERGE_CLIENT	shared Dart file changed	COPIED_REVIEWED_ARCHIVE
lib/app/pages/admin/meets.dart	different	HAND_MERGE_CLIENT	shared Dart file changed	COPIED_REVIEWED_ARCHIVE
lib/app/pages/admin/panel.dart	different	HAND_MERGE_CLIENT	shared Dart file changed	COPIED_REVIEWED_ARCHIVE
lib/app/pages/admin/role_requests.dart	new	CANDIDATE_CLIENT	new Dart source	COPIED_REVIEWED_ARCHIVE
lib/app/pages/admin/users.dart	different	HAND_MERGE_PAYMENT_SHARED	shared navigation, profile, balance or gift behavior	COPIED_REVIEWED_ARCHIVE
lib/app/pages/filter_pages/cities.dart	same	KEEP_BASE	same bytes in reviewed archive and GitHub dev	SAME_BYTES_IN_BOTH
lib/app/pages/filter_pages/filter_page.dart	different	HAND_MERGE_CLIENT	shared Dart file changed	COPIED_REVIEWED_ARCHIVE
lib/app/pages/policy/confidecialnost.dart	different	HAND_MERGE_CLIENT	shared Dart file changed	COPIED_REVIEWED_ARCHIVE
lib/app/pages/policy/offer.dart	different	HAND_MERGE_CLIENT	shared Dart file changed	COPIED_REVIEWED_ARCHIVE
lib/app/pages/policy/rules.dart	different	HAND_MERGE_CLIENT	shared Dart file changed	COPIED_REVIEWED_ARCHIVE
lib/app/pages/policy/soglashenie.dart	different	HAND_MERGE_CLIENT	shared Dart file changed	COPIED_REVIEWED_ARCHIVE
lib/app/widgets/bottom_nav_bar.dart	different	HAND_MERGE_PAYMENT_SHARED	shared navigation, profile, balance or gift behavior	HAND_MERGED_ARCHIVE_AND_GITHUB
lib/app/widgets/chat_room_list.dart	different	HAND_MERGE_CLIENT	shared Dart file changed	COPIED_REVIEWED_ARCHIVE
lib/app/widgets/check_internet.dart	different	HAND_MERGE_CLIENT	shared Dart file changed	COPIED_REVIEWED_ARCHIVE
lib/app/widgets/circle_user_image.dart	different	HAND_MERGE_CLIENT	shared Dart file changed	COPIED_REVIEWED_ARCHIVE
lib/app/widgets/drawer.dart	different	HAND_MERGE_PAYMENT_SHARED	shared navigation, profile, balance or gift behavior	COPIED_REVIEWED_ARCHIVE
lib/app/widgets/fullscreen_image_slider.dart	same	KEEP_BASE	same bytes in reviewed archive and GitHub dev	SAME_BYTES_IN_BOTH
lib/app/widgets/message_tile.dart	different	HAND_MERGE_PAYMENT_SHARED	shared navigation, profile, balance or gift behavior	COPIED_REVIEWED_ARCHIVE
lib/app/widgets/oplata.dart	different	EXCLUDE_PAYMENT_CODE	protected payment, paid invisibility or shop module	NOT_IMPORTED_FROM_ARCHIVE
lib/app/widgets/robokassa_webview.dart	different	EXCLUDE_PAYMENT_CODE	protected payment, paid invisibility or shop module	NOT_IMPORTED_FROM_ARCHIVE
lib/app/widgets/show_image.dart	different	HAND_MERGE_CLIENT	shared Dart file changed	COPIED_REVIEWED_ARCHIVE
lib/app/widgets/splash.dart	same	KEEP_BASE	same bytes in reviewed archive and GitHub dev	SAME_BYTES_IN_BOTH
lib/app/widgets/web_page.dart	different	EXCLUDE_PAYMENT_CODE	protected payment, paid invisibility or shop module	NOT_IMPORTED_FROM_ARCHIVE
lib/app/widgets/widgets.dart	different	HAND_MERGE_PAYMENT_SHARED	shared navigation, profile, balance or gift behavior	COPIED_REVIEWED_ARCHIVE
lib/core/utils/account_destination.dart	new	CANDIDATE_CLIENT	new Dart source	COPIED_REVIEWED_ARCHIVE
lib/core/utils/compatibility.dart	new	CANDIDATE_CLIENT	new Dart source	COPIED_REVIEWED_ARCHIVE
lib/core/utils/inputs.dart	same	KEEP_BASE	same bytes in reviewed archive and GitHub dev	SAME_BYTES_IN_BOTH
lib/core/utils/temperament.dart	new	CANDIDATE_CLIENT	new Dart source	COPIED_REVIEWED_ARCHIVE
lib/firebase_options.dart	same	KEEP_BASE	same bytes in reviewed archive and GitHub dev	SAME_BYTES_IN_BOTH
lib/localization/clrs_localizations.dart	new	CANDIDATE_CLIENT	new Dart source	COPIED_REVIEWED_ARCHIVE
lib/localization/language_picker.dart	new	CANDIDATE_CLIENT	new Dart source	COPIED_REVIEWED_ARCHIVE
lib/localization/locale_controller.dart	new	CANDIDATE_CLIENT	new Dart source	COPIED_REVIEWED_ARCHIVE
lib/main.dart	different	HAND_MERGE_PAYMENT_SHARED	shared navigation, profile, balance or gift behavior	COPIED_REVIEWED_ARCHIVE
lib/migrations/24-08.dart	same	KEEP_BASE	same bytes in reviewed archive and GitHub dev	SAME_BYTES_IN_BOTH
lib/presentation/routing/app_routing.dart	same	KEEP_BASE	same bytes in reviewed archive and GitHub dev	SAME_BYTES_IN_BOTH
lib/presentation/screens/about_app/about_app.dart	different	HAND_MERGE_CLIENT	shared Dart file changed	COPIED_REVIEWED_ARCHIVE
lib/presentation/screens/auth/bloc/auth_bloc.dart	same	KEEP_BASE	same bytes in reviewed archive and GitHub dev	SAME_BYTES_IN_BOTH
lib/presentation/screens/auth/bloc/auth_event.dart	same	KEEP_BASE	same bytes in reviewed archive and GitHub dev	SAME_BYTES_IN_BOTH
lib/presentation/screens/auth/bloc/auth_state.dart	same	KEEP_BASE	same bytes in reviewed archive and GitHub dev	SAME_BYTES_IN_BOTH
lib/presentation/screens/auth/deleted_screen/deleted_profile.dart	different	HAND_MERGE_CLIENT	shared Dart file changed	COPIED_REVIEWED_ARCHIVE
lib/presentation/screens/auth/login_screen/login_page.dart	different	HAND_MERGE_CLIENT	shared Dart file changed	COPIED_REVIEWED_ARCHIVE
lib/presentation/screens/auth/register_screen/register_page.dart	different	HAND_MERGE_CLIENT	shared Dart file changed	COPIED_REVIEWED_ARCHIVE
lib/presentation/screens/auth/register_screen/registration_consent_page.dart	new	CANDIDATE_CLIENT	new Dart source	COPIED_REVIEWED_ARCHIVE
lib/presentation/screens/auth/session_gate.dart	new	CANDIDATE_CLIENT	new Dart source	COPIED_REVIEWED_ARCHIVE
lib/presentation/screens/auth/writing_profile_page/writing_data_user.dart	different	HAND_MERGE_CLIENT	shared Dart file changed	COPIED_REVIEWED_ARCHIVE
lib/presentation/screens/authentication/authentication.dart	same	KEEP_BASE	same bytes in reviewed archive and GitHub dev	SAME_BYTES_IN_BOTH
lib/presentation/screens/authentication/bloc/authentication_bloc.dart	same	KEEP_BASE	same bytes in reviewed archive and GitHub dev	SAME_BYTES_IN_BOTH
lib/presentation/screens/authentication/bloc/authentication_event.dart	same	KEEP_BASE	same bytes in reviewed archive and GitHub dev	SAME_BYTES_IN_BOTH
lib/presentation/screens/authentication/bloc/authentication_state.dart	same	KEEP_BASE	same bytes in reviewed archive and GitHub dev	SAME_BYTES_IN_BOTH
lib/presentation/screens/chat_screen/chatscreen.dart	different	HAND_MERGE_PAYMENT_SHARED	shared navigation, profile, balance or gift behavior	COPIED_REVIEWED_ARCHIVE
lib/presentation/screens/create_meet/create_meet.dart	different	HAND_MERGE_CLIENT	shared Dart file changed	COPIED_REVIEWED_ARCHIVE
lib/presentation/screens/edit_meet/edit_meet.dart	different	HAND_MERGE_CLIENT	shared Dart file changed	COPIED_REVIEWED_ARCHIVE
lib/presentation/screens/edit_profile/profile_edit_page.dart	different	HAND_MERGE_CLIENT	shared Dart file changed	COPIED_REVIEWED_ARCHIVE
lib/presentation/screens/feed/author_request_sheet.dart	new	CANDIDATE_CLIENT	new Dart source	COPIED_REVIEWED_ARCHIVE
lib/presentation/screens/feed/feed_page.dart	new	CANDIDATE_CLIENT	new Dart source	COPIED_REVIEWED_ARCHIVE
lib/presentation/screens/feed/post_detail_page.dart	new	CANDIDATE_CLIENT	new Dart source	COPIED_REVIEWED_ARCHIVE
lib/presentation/screens/feed/profile_wall_page.dart	new	CANDIDATE_CLIENT	new Dart source	COPIED_REVIEWED_ARCHIVE
lib/presentation/screens/feed/share_to_chat_sheet.dart	new	CANDIDATE_CLIENT	new Dart source	COPIED_REVIEWED_ARCHIVE
lib/presentation/screens/friends/friends_page.dart	new	CANDIDATE_CLIENT	new Dart source	COPIED_REVIEWED_ARCHIVE
lib/presentation/screens/home/home_page.dart	different	HAND_MERGE_PAYMENT_SHARED	shared navigation, profile, balance or gift behavior	COPIED_REVIEWED_ARCHIVE
lib/presentation/screens/list_of_meets/meetings.dart	different	HAND_MERGE_CLIENT	shared Dart file changed	COPIED_REVIEWED_ARCHIVE
lib/presentation/screens/list_of_meets/show/about_individual_meet.dart	different	HAND_MERGE_CLIENT	shared Dart file changed	COPIED_REVIEWED_ARCHIVE
lib/presentation/screens/list_of_meets/show/about_meet.dart	same	KEEP_BASE	same bytes in reviewed archive and GitHub dev	SAME_BYTES_IN_BOTH
lib/presentation/screens/list_of_users/profiles_list.dart	different	HAND_MERGE_PAYMENT_SHARED	shared navigation, profile, balance or gift behavior	COPIED_REVIEWED_ARCHIVE
lib/presentation/screens/list_of_users/show/somebody_profile.dart	different	HAND_MERGE_PAYMENT_SHARED	shared navigation, profile, balance or gift behavior	COPIED_REVIEWED_ARCHIVE
lib/presentation/screens/list_of_visiters/visiters.dart	different	HAND_MERGE_CLIENT	shared Dart file changed	COPIED_REVIEWED_ARCHIVE
lib/presentation/screens/meet_chat_screen/chat_page.dart	different	HAND_MERGE_CLIENT	shared Dart file changed	COPIED_REVIEWED_ARCHIVE
lib/presentation/screens/notifications_center/notification_destination_page.dart	new	CANDIDATE_CLIENT	new Dart source	COPIED_REVIEWED_ARCHIVE
lib/presentation/screens/notifications_center/notifications_page.dart	new	CANDIDATE_CLIENT	new Dart source	COPIED_REVIEWED_ARCHIVE
lib/presentation/screens/profile/profile_page.dart	different	HAND_MERGE_PAYMENT_SHARED	shared navigation, profile, balance or gift behavior	COPIED_REVIEWED_ARCHIVE
lib/presentation/screens/root/root_screen.dart	different	HAND_MERGE_CLIENT	shared Dart file changed	COPIED_REVIEWED_ARCHIVE
lib/presentation/screens/shop/gift_artwork.dart	new	EXCLUDE_PAYMENT_CODE	protected payment, paid invisibility or shop module	NOT_IMPORTED_FROM_ARCHIVE
lib/presentation/screens/shop/gift_artwork_bounds.dart	new	EXCLUDE_PAYMENT_CODE	protected payment, paid invisibility or shop module	NOT_IMPORTED_FROM_ARCHIVE
lib/presentation/screens/shop/gift_artwork_metadata.dart	new	EXCLUDE_PAYMENT_CODE	protected payment, paid invisibility or shop module	NOT_IMPORTED_FROM_ARCHIVE
lib/presentation/screens/shop/gift_recipient_sheet.dart	new	EXCLUDE_PAYMENT_CODE	protected payment, paid invisibility or shop module	NOT_IMPORTED_FROM_ARCHIVE
lib/presentation/screens/shop/shop.dart	different	EXCLUDE_PAYMENT_CODE	protected payment, paid invisibility or shop module	NOT_IMPORTED_FROM_ARCHIVE
lib/presentation/screens/test/green_group.dart	different	HAND_MERGE_CLIENT	shared Dart file changed	COPIED_REVIEWED_ARCHIVE
lib/presentation/screens/test/orange_group.dart	different	HAND_MERGE_CLIENT	shared Dart file changed	COPIED_REVIEWED_ARCHIVE
lib/presentation/screens/test/red_group.dart	different	HAND_MERGE_PAYMENT_SHARED	shared navigation, profile, balance or gift behavior	COPIED_REVIEWED_ARCHIVE
lib/presentation/screens/test/white_group.dart	different	HAND_MERGE_CLIENT	shared Dart file changed	COPIED_REVIEWED_ARCHIVE
lib/service/admin_access.dart	new	CANDIDATE_CLIENT	new Dart source	COPIED_REVIEWED_ARCHIVE
lib/service/admin_private_directory.dart	new	CANDIDATE_CLIENT	new Dart source	COPIED_REVIEWED_ARCHIVE
lib/service/app_backend.dart	new	CANDIDATE_CLIENT	new Dart source	COPIED_REVIEWED_ARCHIVE
lib/service/auth_service.dart	different	HAND_MERGE_CLIENT	shared Dart file changed	COPIED_REVIEWED_ARCHIVE
lib/service/author_request_submission.dart	new	CANDIDATE_CLIENT	new Dart source	COPIED_REVIEWED_ARCHIVE
lib/service/chat_submission.dart	new	CANDIDATE_CLIENT	new Dart source	COPIED_REVIEWED_ARCHIVE
lib/service/comment_submission.dart	new	CANDIDATE_CLIENT	new Dart source	COPIED_REVIEWED_ARCHIVE
lib/service/content_translation_service.dart	new	CANDIDATE_CLIENT	new Dart source	COPIED_REVIEWED_ARCHIVE
lib/service/database_service.dart	different	HAND_MERGE_PAYMENT_SHARED	shared navigation, profile, balance or gift behavior	COPIED_REVIEWED_ARCHIVE
lib/service/invisibility_state.dart	new	EXCLUDE_PAYMENT_CODE	protected payment, paid invisibility or shop module	COPIED_AFTER_REVIEW
lib/service/invisibility_toggle_service.dart	new	EXCLUDE_PAYMENT_CODE	protected payment, paid invisibility or shop module	COPIED_AFTER_REVIEW
lib/service/meeting_membership_service.dart	new	CANDIDATE_CLIENT	new Dart source	COPIED_REVIEWED_ARCHIVE
lib/service/meeting_write_service.dart	new	CANDIDATE_CLIENT	new Dart source	COPIED_REVIEWED_ARCHIVE
lib/service/notifications.dart	different	HAND_MERGE_CLIENT	shared Dart file changed	COPIED_REVIEWED_ARCHIVE
lib/service/on_device_content_translation.dart	new	CANDIDATE_CLIENT	new Dart source	COPIED_REVIEWED_ARCHIVE
lib/service/pending_write.dart	new	CANDIDATE_CLIENT	new Dart source	COPIED_REVIEWED_ARCHIVE
lib/service/post_submission.dart	new	CANDIDATE_CLIENT	new Dart source	COPIED_REVIEWED_ARCHIVE
lib/service/profile_delete_service.dart	new	CANDIDATE_CLIENT	new Dart source	COPIED_REVIEWED_ARCHIVE
lib/service/profile_draft_store.dart	new	CANDIDATE_CLIENT	new Dart source	COPIED_REVIEWED_ARCHIVE
lib/service/profile_photo_upload.dart	new	CANDIDATE_CLIENT	new Dart source	COPIED_REVIEWED_ARCHIVE
lib/service/profile_registration_service.dart	new	CANDIDATE_CLIENT	new Dart source	COPIED_REVIEWED_ARCHIVE
lib/service/push_language_sync.dart	new	CANDIDATE_CLIENT	new Dart source	COPIED_REVIEWED_ARCHIVE
lib/service/push_target.dart	new	CANDIDATE_CLIENT	new Dart source	COPIED_REVIEWED_ARCHIVE
lib/service/session_service.dart	new	CANDIDATE_CLIENT	new Dart source	COPIED_REVIEWED_ARCHIVE
lib/service/social_service.dart	new	CANDIDATE_CLIENT	new Dart source	COPIED_REVIEWED_ARCHIVE
lib/service/submission_journal.dart	new	CANDIDATE_CLIENT	new Dart source	COPIED_REVIEWED_ARCHIVE
lib/shared/clrs_auth_shell.dart	new	CANDIDATE_CLIENT	new Dart source	COPIED_REVIEWED_ARCHIVE
lib/shared/clrs_brand.dart	new	CANDIDATE_CLIENT	new Dart source	COPIED_REVIEWED_ARCHIVE
lib/shared/clrs_groups.dart	new	CANDIDATE_CLIENT	new Dart source	COPIED_REVIEWED_ARCHIVE
lib/shared/clrs_screen.dart	new	CANDIDATE_CLIENT	new Dart source	COPIED_REVIEWED_ARCHIVE
lib/shared/constants.dart	different	BLOCK_LITERAL_API_KEY	reviewed archive has hard-coded Google API key; keep out of integration until replaced	NOT_IMPORTED_FROM_ARCHIVE
lib/shared/geo_catalog.dart	new	CANDIDATE_CLIENT	new Dart source	COPIED_REVIEWED_ARCHIVE
lib/shared/geo_location_editor.dart	new	CANDIDATE_CLIENT	new Dart source	COPIED_REVIEWED_ARCHIVE
lib/shared/group_avatar.dart	new	CANDIDATE_CLIENT	new Dart source	COPIED_REVIEWED_ARCHIVE
lib/shared/group_badge.dart	new	CANDIDATE_CLIENT	new Dart source	COPIED_REVIEWED_ARCHIVE
lib/shared/lrs_theme.dart	new	CANDIDATE_CLIENT	new Dart source	COPIED_REVIEWED_ARCHIVE
lib/shared/meeting_form.dart	new	CANDIDATE_CLIENT	new Dart source	COPIED_REVIEWED_ARCHIVE
lib/shared/meeting_location_fields.dart	new	CANDIDATE_CLIENT	new Dart source	COPIED_REVIEWED_ARCHIVE
lib/shared/paged_firestore_history.dart	new	CANDIDATE_CLIENT	new Dart source	COPIED_REVIEWED_ARCHIVE
lib/shared/password_reset_sheet.dart	new	CANDIDATE_CLIENT	new Dart source	COPIED_REVIEWED_ARCHIVE
lib/shared/profile_composition.dart	new	CANDIDATE_CLIENT	new Dart source	COPIED_REVIEWED_ARCHIVE
lib/shared/relationship_status.dart	new	CANDIDATE_CLIENT	new Dart source	COPIED_REVIEWED_ARCHIVE
lib/shared/rules_content.dart	new	CANDIDATE_CLIENT	new Dart source	COPIED_REVIEWED_ARCHIVE
lib/shared/translatable_text.dart	new	CANDIDATE_CLIENT	new Dart source	COPIED_REVIEWED_ARCHIVE
linux/.gitignore	same	KEEP_BASE	same bytes in reviewed archive and GitHub dev	SAME_BYTES_IN_BOTH
linux/CMakeLists.txt	same	KEEP_BASE	same bytes in reviewed archive and GitHub dev	SAME_BYTES_IN_BOTH
linux/flutter/CMakeLists.txt	same	KEEP_BASE	same bytes in reviewed archive and GitHub dev	SAME_BYTES_IN_BOTH
linux/flutter/generated_plugin_registrant.cc	same	KEEP_BASE	same bytes in reviewed archive and GitHub dev	SAME_BYTES_IN_BOTH
linux/flutter/generated_plugin_registrant.h	same	KEEP_BASE	same bytes in reviewed archive and GitHub dev	SAME_BYTES_IN_BOTH
linux/flutter/generated_plugins.cmake	same	KEEP_BASE	same bytes in reviewed archive and GitHub dev	SAME_BYTES_IN_BOTH
linux/main.cc	same	KEEP_BASE	same bytes in reviewed archive and GitHub dev	SAME_BYTES_IN_BOTH
linux/my_application.cc	same	KEEP_BASE	same bytes in reviewed archive and GitHub dev	SAME_BYTES_IN_BOTH
linux/my_application.h	same	KEEP_BASE	same bytes in reviewed archive and GitHub dev	SAME_BYTES_IN_BOTH
macos/.gitignore	same	KEEP_BASE	same bytes in reviewed archive and GitHub dev	SAME_BYTES_IN_BOTH
macos/Flutter/Flutter-Debug.xcconfig	same	KEEP_BASE	same bytes in reviewed archive and GitHub dev	SAME_BYTES_IN_BOTH
macos/Flutter/Flutter-Release.xcconfig	same	KEEP_BASE	same bytes in reviewed archive and GitHub dev	SAME_BYTES_IN_BOTH
macos/Flutter/GeneratedPluginRegistrant.swift	different	HAND_MERGE_PLATFORM	platform config or generated registrant needs targeted comparison	COPIED_REVIEWED_ARCHIVE
macos/Podfile	different	HAND_MERGE_PLATFORM	platform config or generated registrant needs targeted comparison	COPIED_REVIEWED_ARCHIVE
macos/Podfile.lock	new	HAND_MERGE_PLATFORM	platform config or generated registrant needs targeted comparison	COPIED_REVIEWED_ARCHIVE
macos/Runner.xcodeproj/project.pbxproj	different	HAND_MERGE_PLATFORM	platform config or generated registrant needs targeted comparison	COPIED_REVIEWED_ARCHIVE
macos/Runner.xcodeproj/project.xcworkspace/xcshareddata/IDEWorkspaceChecks.plist	same	KEEP_BASE	same bytes in reviewed archive and GitHub dev	SAME_BYTES_IN_BOTH
macos/Runner.xcodeproj/xcshareddata/xcschemes/Runner.xcscheme	same	KEEP_BASE	same bytes in reviewed archive and GitHub dev	SAME_BYTES_IN_BOTH
macos/Runner.xcworkspace/contents.xcworkspacedata	different	HAND_MERGE_PLATFORM	platform config or generated registrant needs targeted comparison	COPIED_REVIEWED_ARCHIVE
macos/Runner.xcworkspace/xcshareddata/IDEWorkspaceChecks.plist	same	KEEP_BASE	same bytes in reviewed archive and GitHub dev	SAME_BYTES_IN_BOTH
macos/Runner/AppDelegate.swift	different	HAND_MERGE_PLATFORM	platform config or generated registrant needs targeted comparison	COPIED_REVIEWED_ARCHIVE
macos/Runner/Assets.xcassets/AppIcon.appiconset/Contents.json	same	KEEP_BASE	same bytes in reviewed archive and GitHub dev	SAME_BYTES_IN_BOTH
macos/Runner/Assets.xcassets/AppIcon.appiconset/app_icon_1024.png	same	KEEP_BASE	same bytes in reviewed archive and GitHub dev	SAME_BYTES_IN_BOTH
macos/Runner/Assets.xcassets/AppIcon.appiconset/app_icon_128.png	same	KEEP_BASE	same bytes in reviewed archive and GitHub dev	SAME_BYTES_IN_BOTH
macos/Runner/Assets.xcassets/AppIcon.appiconset/app_icon_16.png	same	KEEP_BASE	same bytes in reviewed archive and GitHub dev	SAME_BYTES_IN_BOTH
macos/Runner/Assets.xcassets/AppIcon.appiconset/app_icon_256.png	same	KEEP_BASE	same bytes in reviewed archive and GitHub dev	SAME_BYTES_IN_BOTH
macos/Runner/Assets.xcassets/AppIcon.appiconset/app_icon_32.png	same	KEEP_BASE	same bytes in reviewed archive and GitHub dev	SAME_BYTES_IN_BOTH
macos/Runner/Assets.xcassets/AppIcon.appiconset/app_icon_512.png	same	KEEP_BASE	same bytes in reviewed archive and GitHub dev	SAME_BYTES_IN_BOTH
macos/Runner/Assets.xcassets/AppIcon.appiconset/app_icon_64.png	same	KEEP_BASE	same bytes in reviewed archive and GitHub dev	SAME_BYTES_IN_BOTH
macos/Runner/Base.lproj/MainMenu.xib	same	KEEP_BASE	same bytes in reviewed archive and GitHub dev	SAME_BYTES_IN_BOTH
macos/Runner/Configs/AppInfo.xcconfig	same	KEEP_BASE	same bytes in reviewed archive and GitHub dev	SAME_BYTES_IN_BOTH
macos/Runner/Configs/Debug.xcconfig	same	KEEP_BASE	same bytes in reviewed archive and GitHub dev	SAME_BYTES_IN_BOTH
macos/Runner/Configs/Release.xcconfig	same	KEEP_BASE	same bytes in reviewed archive and GitHub dev	SAME_BYTES_IN_BOTH
macos/Runner/Configs/Warnings.xcconfig	same	KEEP_BASE	same bytes in reviewed archive and GitHub dev	SAME_BYTES_IN_BOTH
macos/Runner/DebugProfile.entitlements	same	KEEP_BASE	same bytes in reviewed archive and GitHub dev	SAME_BYTES_IN_BOTH
macos/Runner/GoogleService-Info.plist	same	KEEP_BASE	same bytes in reviewed archive and GitHub dev	SAME_BYTES_IN_BOTH
macos/Runner/Info.plist	same	KEEP_BASE	same bytes in reviewed archive and GitHub dev	SAME_BYTES_IN_BOTH
macos/Runner/MainFlutterWindow.swift	same	KEEP_BASE	same bytes in reviewed archive and GitHub dev	SAME_BYTES_IN_BOTH
macos/Runner/Release.entitlements	same	KEEP_BASE	same bytes in reviewed archive and GitHub dev	SAME_BYTES_IN_BOTH
macos/RunnerTests/RunnerTests.swift	same	KEEP_BASE	same bytes in reviewed archive and GitHub dev	SAME_BYTES_IN_BOTH
macos/firebase_app_id_file.json	same	KEEP_BASE	same bytes in reviewed archive and GitHub dev	SAME_BYTES_IN_BOTH
packages/authentication_repository/lib/authentication_repository.dart	same	KEEP_BASE	same bytes in reviewed archive and GitHub dev	SAME_BYTES_IN_BOTH
packages/authentication_repository/lib/src/authentication_repository.dart	same	KEEP_BASE	same bytes in reviewed archive and GitHub dev	SAME_BYTES_IN_BOTH
packages/authentication_repository/pubspec.yaml	different	HAND_MERGE_DEPENDENCY	dependency versions and payment plugin pins must be reconciled	COPIED_REVIEWED_ARCHIVE
packages/user_repository/lib/src/models/models.dart	same	KEEP_BASE	same bytes in reviewed archive and GitHub dev	SAME_BYTES_IN_BOTH
packages/user_repository/lib/src/models/user.dart	same	KEEP_BASE	same bytes in reviewed archive and GitHub dev	SAME_BYTES_IN_BOTH
packages/user_repository/lib/src/user_repository.dart	same	KEEP_BASE	same bytes in reviewed archive and GitHub dev	SAME_BYTES_IN_BOTH
packages/user_repository/lib/user_repository.dart	same	KEEP_BASE	same bytes in reviewed archive and GitHub dev	SAME_BYTES_IN_BOTH
packages/user_repository/pubspec.yaml	different	HAND_MERGE_DEPENDENCY	dependency versions and payment plugin pins must be reconciled	COPIED_REVIEWED_ARCHIVE
private-email-final-review.json	new	EXCLUDE_EVIDENCE	release status or environment evidence	NOT_IMPORTED_FROM_ARCHIVE
private-email-lifecycle-source-hashes.json	new	EXCLUDE_EVIDENCE	release status or environment evidence	NOT_IMPORTED_FROM_ARCHIVE
pubspec.lock	different	HAND_MERGE_DEPENDENCY	dependency versions and payment plugin pins must be reconciled	HAND_MERGED_ARCHIVE_AND_GITHUB
pubspec.yaml	different	HAND_MERGE_DEPENDENCY	dependency versions and payment plugin pins must be reconciled	HAND_MERGED_ARCHIVE_AND_GITHUB
server/timeweb/ACCOUNT_INVENTORY.md	new	SEPARATE_BACKEND_SCOPE	independent Timeweb migration and deployment	COPIED_CURRENT_SOURCE
server/timeweb/CONTRACT.md	new	SEPARATE_BACKEND_SCOPE	independent Timeweb migration and deployment	NOT_IMPORTED_FROM_ARCHIVE
server/timeweb/EXPORT_PREPARATION.md	new	SEPARATE_BACKEND_SCOPE	independent Timeweb migration and deployment	NOT_IMPORTED_FROM_ARCHIVE
server/timeweb/IMPORT_PREPARATION.md	new	SEPARATE_BACKEND_SCOPE	independent Timeweb migration and deployment	NOT_IMPORTED_FROM_ARCHIVE
server/timeweb/PLAN.md	new	SEPARATE_BACKEND_SCOPE	independent Timeweb migration and deployment	COPIED_CURRENT_SOURCE
server/timeweb/README.md	new	SEPARATE_BACKEND_SCOPE	independent Timeweb migration and deployment	COPIED_CURRENT_SOURCE
server/timeweb/api/.dockerignore	new	SEPARATE_BACKEND_SCOPE	independent Timeweb migration and deployment	COPIED_REVIEWED_ARCHIVE
server/timeweb/api/.gitignore	new	SEPARATE_BACKEND_SCOPE	independent Timeweb migration and deployment	COPIED_REVIEWED_ARCHIVE
server/timeweb/api/Dockerfile	new	SEPARATE_BACKEND_SCOPE	independent Timeweb migration and deployment	COPIED_REVIEWED_ARCHIVE
server/timeweb/api/README.md	new	SEPARATE_BACKEND_SCOPE	independent Timeweb migration and deployment	NOT_IMPORTED_FROM_ARCHIVE
server/timeweb/api/firebase-id-token.mjs	new	SEPARATE_BACKEND_SCOPE	independent Timeweb migration and deployment	COPIED_REVIEWED_ARCHIVE
server/timeweb/api/firebase-id-token.test.mjs	new	SEPARATE_BACKEND_SCOPE	independent Timeweb migration and deployment	COPIED_REVIEWED_ARCHIVE
server/timeweb/api/package-lock.json	new	SEPARATE_BACKEND_SCOPE	independent Timeweb migration and deployment	COPIED_REVIEWED_ARCHIVE
server/timeweb/api/package.json	new	SEPARATE_BACKEND_SCOPE	independent Timeweb migration and deployment	COPIED_REVIEWED_ARCHIVE
server/timeweb/api/server.mjs	new	SEPARATE_BACKEND_SCOPE	independent Timeweb migration and deployment	COPIED_REVIEWED_ARCHIVE
server/timeweb/api/test/server.test.mjs	new	SEPARATE_BACKEND_SCOPE	independent Timeweb migration and deployment	COPIED_REVIEWED_ARCHIVE
server/timeweb/auth-rest.mjs	new	SEPARATE_BACKEND_SCOPE	independent Timeweb migration and deployment	COPIED_REVIEWED_ARCHIVE
server/timeweb/check-firebase-auth-access.mjs	new	SEPARATE_BACKEND_SCOPE	independent Timeweb migration and deployment	COPIED_REVIEWED_ARCHIVE
server/timeweb/compare-manifests.mjs	new	SEPARATE_BACKEND_SCOPE	independent Timeweb migration and deployment	COPIED_REVIEWED_ARCHIVE
server/timeweb/db/001_down.sql	new	SEPARATE_BACKEND_SCOPE	independent Timeweb migration and deployment	COPIED_REVIEWED_ARCHIVE
server/timeweb/db/001_initial.sql	new	SEPARATE_BACKEND_SCOPE	independent Timeweb migration and deployment	COPIED_REVIEWED_ARCHIVE
server/timeweb/db/README.md	new	SEPARATE_BACKEND_SCOPE	independent Timeweb migration and deployment	COPIED_CURRENT_SOURCE
server/timeweb/db/smoke.sql	new	SEPARATE_BACKEND_SCOPE	independent Timeweb migration and deployment	COPIED_REVIEWED_ARCHIVE
server/timeweb/deploy/.gitignore	new	SEPARATE_BACKEND_SCOPE	independent Timeweb migration and deployment	COPIED_REVIEWED_ARCHIVE
server/timeweb/deploy/Caddyfile	new	SEPARATE_BACKEND_SCOPE	independent Timeweb migration and deployment	COPIED_REVIEWED_ARCHIVE
server/timeweb/deploy/README.md	new	SEPARATE_BACKEND_SCOPE	independent Timeweb migration and deployment	NOT_IMPORTED_FROM_ARCHIVE
server/timeweb/deploy/api.env.example	new	SEPARATE_BACKEND_SCOPE	independent Timeweb migration and deployment	COPIED_REVIEWED_ARCHIVE
server/timeweb/deploy/backup-media.sh	new	SEPARATE_BACKEND_SCOPE	independent Timeweb migration and deployment	COPIED_REVIEWED_ARCHIVE
server/timeweb/deploy/backup.env.example	new	SEPARATE_BACKEND_SCOPE	independent Timeweb migration and deployment	COPIED_REVIEWED_ARCHIVE
server/timeweb/deploy/backup.sh	new	SEPARATE_BACKEND_SCOPE	independent Timeweb migration and deployment	COPIED_REVIEWED_ARCHIVE
server/timeweb/deploy/clrs-pg-backup.service	new	SEPARATE_BACKEND_SCOPE	independent Timeweb migration and deployment	COPIED_REVIEWED_ARCHIVE
server/timeweb/deploy/clrs-pg-backup.timer	new	SEPARATE_BACKEND_SCOPE	independent Timeweb migration and deployment	COPIED_REVIEWED_ARCHIVE
server/timeweb/deploy/compose.env.example	new	SEPARATE_BACKEND_SCOPE	independent Timeweb migration and deployment	COPIED_REVIEWED_ARCHIVE
server/timeweb/deploy/compose.yaml	new	SEPARATE_BACKEND_SCOPE	independent Timeweb migration and deployment	COPIED_REVIEWED_ARCHIVE
server/timeweb/deploy/media-backup.env.example	new	SEPARATE_BACKEND_SCOPE	independent Timeweb migration and deployment	COPIED_REVIEWED_ARCHIVE
server/timeweb/deploy/media-restore.env.example	new	SEPARATE_BACKEND_SCOPE	independent Timeweb migration and deployment	COPIED_REVIEWED_ARCHIVE
server/timeweb/deploy/release.sh	new	SEPARATE_BACKEND_SCOPE	independent Timeweb migration and deployment	COPIED_REVIEWED_ARCHIVE
server/timeweb/deploy/restore-media.sh	new	SEPARATE_BACKEND_SCOPE	independent Timeweb migration and deployment	COPIED_REVIEWED_ARCHIVE
server/timeweb/deploy/restore.env.example	new	SEPARATE_BACKEND_SCOPE	independent Timeweb migration and deployment	COPIED_REVIEWED_ARCHIVE
server/timeweb/deploy/restore.sh	new	SEPARATE_BACKEND_SCOPE	independent Timeweb migration and deployment	COPIED_REVIEWED_ARCHIVE
server/timeweb/encrypted-archive.mjs	new	SEPARATE_BACKEND_SCOPE	independent Timeweb migration and deployment	COPIED_REVIEWED_ARCHIVE
server/timeweb/export-core.mjs	new	SEPARATE_BACKEND_SCOPE	independent Timeweb migration and deployment	COPIED_REVIEWED_ARCHIVE
server/timeweb/export-firebase-encrypted.mjs	new	SEPARATE_BACKEND_SCOPE	independent Timeweb migration and deployment	COPIED_REVIEWED_ARCHIVE
server/timeweb/export-paths.mjs	new	SEPARATE_BACKEND_SCOPE	independent Timeweb migration and deployment	COPIED_REVIEWED_ARCHIVE
server/timeweb/import-adapters.mjs	new	SEPARATE_BACKEND_SCOPE	independent Timeweb migration and deployment	COPIED_REVIEWED_ARCHIVE
server/timeweb/import-clrsx2.mjs	new	SEPARATE_BACKEND_SCOPE	independent Timeweb migration and deployment	COPIED_REVIEWED_ARCHIVE
server/timeweb/import-core.mjs	new	SEPARATE_BACKEND_SCOPE	independent Timeweb migration and deployment	COPIED_REVIEWED_ARCHIVE
server/timeweb/import-stage.mjs	new	SEPARATE_BACKEND_SCOPE	independent Timeweb migration and deployment	COPIED_REVIEWED_ARCHIVE
server/timeweb/inventory-firebase.mjs	new	SEPARATE_BACKEND_SCOPE	independent Timeweb migration and deployment	COPIED_REVIEWED_ARCHIVE
server/timeweb/manifest.mjs	new	SEPARATE_BACKEND_SCOPE	independent Timeweb migration and deployment	COPIED_REVIEWED_ARCHIVE
server/timeweb/package-lock.json	new	SEPARATE_BACKEND_SCOPE	independent Timeweb migration and deployment	COPIED_REVIEWED_ARCHIVE
server/timeweb/package.json	new	SEPARATE_BACKEND_SCOPE	independent Timeweb migration and deployment	COPIED_REVIEWED_ARCHIVE
server/timeweb/probe-firebase-access.mjs	new	SEPARATE_BACKEND_SCOPE	independent Timeweb migration and deployment	COPIED_REVIEWED_ARCHIVE
server/timeweb/s3-privacy.mjs	new	SEPARATE_BACKEND_SCOPE	independent Timeweb migration and deployment	COPIED_REVIEWED_ARCHIVE
server/timeweb/test/auth-rest.test.mjs	new	SEPARATE_BACKEND_SCOPE	independent Timeweb migration and deployment	COPIED_REVIEWED_ARCHIVE
server/timeweb/test/export-encrypted.test.mjs	new	SEPARATE_BACKEND_SCOPE	independent Timeweb migration and deployment	COPIED_REVIEWED_ARCHIVE
server/timeweb/test/import-stage.test.mjs	new	SEPARATE_BACKEND_SCOPE	independent Timeweb migration and deployment	COPIED_REVIEWED_ARCHIVE
server/timeweb/test/manifest.test.mjs	new	SEPARATE_BACKEND_SCOPE	independent Timeweb migration and deployment	COPIED_REVIEWED_ARCHIVE
server/timeweb/test/s3-privacy.test.mjs	new	SEPARATE_BACKEND_SCOPE	independent Timeweb migration and deployment	COPIED_REVIEWED_ARCHIVE
server/translation/.env.example	new	REVIEW_CONFIG_TEMPLATE	environment template needs value review	NOT_IMPORTED_FROM_ARCHIVE
server/translation/.gitignore	new	CANDIDATE_SERVER_TRANSLATION	server source, package, rule fragment, documentation or test	COPIED_REVIEWED_ARCHIVE
server/translation/ACCOUNT_CLEANUP.md	new	CANDIDATE_SERVER_TRANSLATION	server source, package, rule fragment, documentation or test	COPIED_REVIEWED_ARCHIVE
server/translation/FEATURE_ENABLEMENT.md	new	CANDIDATE_SERVER_TRANSLATION	server source, package, rule fragment, documentation or test	COPIED_REVIEWED_ARCHIVE
server/translation/GOOGLE_README.md	new	CANDIDATE_SERVER_TRANSLATION	server source, package, rule fragment, documentation or test	COPIED_REVIEWED_ARCHIVE
server/translation/PUSH_README.md	new	CANDIDATE_SERVER_TRANSLATION	server source, package, rule fragment, documentation or test	COPIED_REVIEWED_ARCHIVE
server/translation/README.md	new	CANDIDATE_SERVER_TRANSLATION	server source, package, rule fragment, documentation or test	COPIED_REVIEWED_ARCHIVE
server/translation/firestore.rules.fragment.txt	new	CANDIDATE_SERVER_TRANSLATION	server source, package, rule fragment, documentation or test	COPIED_REVIEWED_ARCHIVE
server/translation/package-lock.json	new	CANDIDATE_SERVER_TRANSLATION	server source, package, rule fragment, documentation or test	COPIED_REVIEWED_ARCHIVE
server/translation/package.json	new	CANDIDATE_SERVER_TRANSLATION	server source, package, rule fragment, documentation or test	COPIED_REVIEWED_ARCHIVE
server/translation/src/account_cleanup.js	new	CANDIDATE_SERVER_TRANSLATION	server source, package, rule fragment, documentation or test	COPIED_REVIEWED_ARCHIVE
server/translation/src/account_cleanup_functions.js	new	CANDIDATE_SERVER_TRANSLATION	server source, package, rule fragment, documentation or test	COPIED_REVIEWED_ARCHIVE
server/translation/src/cache.js	new	CANDIDATE_SERVER_TRANSLATION	server source, package, rule fragment, documentation or test	COPIED_REVIEWED_ARCHIVE
server/translation/src/config.js	new	CANDIDATE_SERVER_TRANSLATION	server source, package, rule fragment, documentation or test	COPIED_REVIEWED_ARCHIVE
server/translation/src/google_provider.js	new	CANDIDATE_SERVER_TRANSLATION	server source, package, rule fragment, documentation or test	COPIED_REVIEWED_ARCHIVE
server/translation/src/handler.js	new	CANDIDATE_SERVER_TRANSLATION	server source, package, rule fragment, documentation or test	COPIED_REVIEWED_ARCHIVE
server/translation/src/index.js	new	CANDIDATE_SERVER_TRANSLATION	server source, package, rule fragment, documentation or test	COPIED_REVIEWED_ARCHIVE
server/translation/src/private_email.js	new	CANDIDATE_SERVER_TRANSLATION	server source, package, rule fragment, documentation or test	COPIED_REVIEWED_ARCHIVE
server/translation/src/private_email_functions.js	new	CANDIDATE_SERVER_TRANSLATION	server source, package, rule fragment, documentation or test	COPIED_REVIEWED_ARCHIVE
server/translation/src/provider.js	new	CANDIDATE_SERVER_TRANSLATION	server source, package, rule fragment, documentation or test	COPIED_REVIEWED_ARCHIVE
server/translation/src/push.js	new	CANDIDATE_SERVER_TRANSLATION	server source, package, rule fragment, documentation or test	COPIED_REVIEWED_ARCHIVE
server/translation/src/push_functions.js	new	CANDIDATE_SERVER_TRANSLATION	server source, package, rule fragment, documentation or test	COPIED_REVIEWED_ARCHIVE
server/translation/src/quota.js	new	CANDIDATE_SERVER_TRANSLATION	server source, package, rule fragment, documentation or test	COPIED_REVIEWED_ARCHIVE
server/translation/src/serbian_latin.js	new	CANDIDATE_SERVER_TRANSLATION	server source, package, rule fragment, documentation or test	COPIED_REVIEWED_ARCHIVE
server/translation/test/account_cleanup.test.js	new	CANDIDATE_SERVER_TRANSLATION	server source, package, rule fragment, documentation or test	COPIED_REVIEWED_ARCHIVE
server/translation/test/cache.test.js	new	CANDIDATE_SERVER_TRANSLATION	server source, package, rule fragment, documentation or test	COPIED_REVIEWED_ARCHIVE
server/translation/test/dependencies.test.js	new	CANDIDATE_SERVER_TRANSLATION	server source, package, rule fragment, documentation or test	COPIED_REVIEWED_ARCHIVE
server/translation/test/google_provider.test.js	new	CANDIDATE_SERVER_TRANSLATION	server source, package, rule fragment, documentation or test	COPIED_REVIEWED_ARCHIVE
server/translation/test/private_email.test.js	new	CANDIDATE_SERVER_TRANSLATION	server source, package, rule fragment, documentation or test	COPIED_REVIEWED_ARCHIVE
server/translation/test/push.test.js	new	CANDIDATE_SERVER_TRANSLATION	server source, package, rule fragment, documentation or test	COPIED_REVIEWED_ARCHIVE
server/translation/test/push_functions.test.js	new	CANDIDATE_SERVER_TRANSLATION	server source, package, rule fragment, documentation or test	COPIED_REVIEWED_ARCHIVE
server/translation/test/serbian_latin.test.js	new	CANDIDATE_SERVER_TRANSLATION	server source, package, rule fragment, documentation or test	COPIED_REVIEWED_ARCHIVE
server/translation/test/translation.test.js	new	CANDIDATE_SERVER_TRANSLATION	server source, package, rule fragment, documentation or test	COPIED_REVIEWED_ARCHIVE
server/translation/verification/PRIVATE_EMAIL_TEST_RESULTS.md	new	EXCLUDE_EVIDENCE	test output or verification artifact	NOT_IMPORTED_FROM_ARCHIVE
server/translation/verification/TEST_RESULTS.md	new	EXCLUDE_EVIDENCE	test output or verification artifact	NOT_IMPORTED_FROM_ARCHIVE
server/translation/verification/google-adc-validation-2026-09-28.tap	new	EXCLUDE_EVIDENCE	test output or verification artifact	NOT_IMPORTED_FROM_ARCHIVE
source-scope-check.json	new	EXCLUDE_EVIDENCE	release status or environment evidence	NOT_IMPORTED_FROM_ARCHIVE
targeted-logs/clrs-admin-private-directory-test-2026-09-29.log	new	EXCLUDE_EVIDENCE	test output or verification artifact	NOT_IMPORTED_FROM_ARCHIVE
targeted-logs/clrs-admin-private-directory-widget-test-2026-09-29.log	new	EXCLUDE_EVIDENCE	test output or verification artifact	NOT_IMPORTED_FROM_ARCHIVE
targeted-logs/clrs-legacy-location-deleted-marker-test-2026-09-29.log	new	EXCLUDE_EVIDENCE	test output or verification artifact	NOT_IMPORTED_FROM_ARCHIVE
targeted-logs/clrs-legacy-profile-location-retry-2026-09-29.log	new	EXCLUDE_EVIDENCE	test output or verification artifact	NOT_IMPORTED_FROM_ARCHIVE
targeted-logs/clrs-legacy-profile-location-test-2026-09-29.log	new	EXCLUDE_EVIDENCE	test output or verification artifact	NOT_IMPORTED_FROM_ARCHIVE
targeted-logs/clrs-private-email-lifecycle-event-fence-node22-test-2026-09-29.log	new	EXCLUDE_EVIDENCE	test output or verification artifact	NOT_IMPORTED_FROM_ARCHIVE
targeted-logs/clrs-private-email-sdk-event-forwarding-retry-2026-09-29.log	new	EXCLUDE_EVIDENCE	test output or verification artifact	NOT_IMPORTED_FROM_ARCHIVE
test/admin_access_test.dart	new	CANDIDATE_TEST	new source test	COPIED_REVIEWED_ARCHIVE
test/admin_private_directory_test.dart	new	CANDIDATE_TEST	new source test	COPIED_REVIEWED_ARCHIVE
test/auth_qa_test.dart	new	CANDIDATE_TEST	new source test	COPIED_REVIEWED_ARCHIVE
test/author_request_submission_test.dart	new	CANDIDATE_TEST	new source test	COPIED_REVIEWED_ARCHIVE
test/backend_isolation_test.dart	new	CANDIDATE_TEST	new source test	COPIED_REVIEWED_ARCHIVE
test/chat_layout_regression_test.dart	new	CANDIDATE_TEST	new source test	COPIED_REVIEWED_ARCHIVE
test/clrs_drawer_back_test.dart	new	CANDIDATE_TEST	new source test	COPIED_REVIEWED_ARCHIVE
test/content_translation_service_test.dart	new	CANDIDATE_TEST	new source test	COPIED_REVIEWED_ARCHIVE
test/content_translation_surfaces_test.dart	new	CANDIDATE_TEST	new source test	COPIED_REVIEWED_ARCHIVE
test/dynamic_translation_chat_test.dart	new	CANDIDATE_TEST	new source test	COPIED_REVIEWED_ARCHIVE
test/dynamic_translation_session_test.dart	new	CANDIDATE_TEST	new source test	COPIED_REVIEWED_ARCHIVE
test/feed_page_qa_test.dart	new	CANDIDATE_TEST	new source test	ARCHIVE_TEST_WITH_SNACKBAR_WAIT
test/feed_permissions_share_test.dart	new	CANDIDATE_TEST	new source test	COPIED_REVIEWED_ARCHIVE
test/gift_recipient_flow_test.dart	new	EXCLUDE_PAYMENT_TEST	test depends on protected payment or gift implementation	NOT_IMPORTED_FROM_ARCHIVE
test/info_feed_qa_test.dart	new	CANDIDATE_TEST	new source test	COPIED_REVIEWED_ARCHIVE
test/invisibility_state_test.dart	new	EXCLUDE_PAYMENT_TEST	test depends on protected payment or gift implementation	NOT_IMPORTED_FROM_ARCHIVE
test/invisibility_toggle_service_test.dart	new	EXCLUDE_PAYMENT_TEST	test depends on protected payment or gift implementation	NOT_IMPORTED_FROM_ARCHIVE
test/legacy_profile_location_test.dart	new	CANDIDATE_TEST	new source test	COPIED_REVIEWED_ARCHIVE
test/localization_test.dart	new	CANDIDATE_TEST	new source test	COPIED_REVIEWED_ARCHIVE
test/localization_usage_test.dart	new	CANDIDATE_TEST	new source test	COPIED_REVIEWED_ARCHIVE
test/localized_country_group_regression_test.dart	new	CANDIDATE_TEST	new source test	COPIED_REVIEWED_ARCHIVE
test/login_layout_test.dart	new	CANDIDATE_TEST	new source test	COPIED_REVIEWED_ARCHIVE
test/meeting_guide_layout_test.dart	new	CANDIDATE_TEST	new source test	COPIED_REVIEWED_ARCHIVE
test/meeting_notifications_widget_test.dart	new	CANDIDATE_TEST	new source test	COPIED_REVIEWED_ARCHIVE
test/on_device_translation_service_test.dart	new	CANDIDATE_TEST	new source test	COPIED_REVIEWED_ARCHIVE
test/paged_firestore_history_test.dart	new	CANDIDATE_TEST	new source test	COPIED_REVIEWED_ARCHIVE
test/payment_qr_dialog_localization_test.dart	new	EXCLUDE_PAYMENT_TEST	test depends on protected payment or gift implementation	NOT_IMPORTED_FROM_ARCHIVE
test/payment_ui_localization_test.dart	new	EXCLUDE_PAYMENT_TEST	test depends on protected payment or gift implementation	NOT_IMPORTED_FROM_ARCHIVE
test/profile_gallery_session_test.dart	new	CANDIDATE_TEST	new source test	COPIED_REVIEWED_ARCHIVE
test/profile_photo_preparation_test.dart	new	CANDIDATE_TEST	new source test	COPIED_REVIEWED_ARCHIVE
test/profile_photo_upload_test.dart	new	CANDIDATE_TEST	new source test	COPIED_REVIEWED_ARCHIVE
test/push_language_server_rollout_test.dart	new	CANDIDATE_TEST	new source test	COPIED_REVIEWED_ARCHIVE
test/push_target_test.dart	new	CANDIDATE_TEST	new source test	COPIED_REVIEWED_ARCHIVE
test/registration_consent_test.dart	new	CANDIDATE_TEST	new source test	COPIED_REVIEWED_ARCHIVE
test/safe_write_regression_test.dart	new	CANDIDATE_TEST	new source test	COPIED_REVIEWED_ARCHIVE
test/serbian_translation_fallback_test.dart	new	CANDIDATE_TEST	new source test	COPIED_REVIEWED_ARCHIVE
test/session_account_clear_test.dart	new	CANDIDATE_TEST	new source test	COPIED_REVIEWED_ARCHIVE
test/social_localization_test.dart	new	CANDIDATE_TEST	new source test	COPIED_REVIEWED_ARCHIVE
test/social_retained_reaction_test.dart	new	CANDIDATE_TEST	new source test	COPIED_REVIEWED_ARCHIVE
test/social_server_rollout_test.dart	new	CANDIDATE_TEST	new source test	COPIED_REVIEWED_ARCHIVE
test/stage2_auth_registration_test.dart	new	CANDIDATE_TEST	new source test	COPIED_REVIEWED_ARCHIVE
test/stage2_filter_test.dart	new	CANDIDATE_TEST	new source test	COPIED_REVIEWED_ARCHIVE
test/stage2_gift_localization_test.dart	new	EXCLUDE_PAYMENT_TEST	test depends on protected payment or gift implementation	NOT_IMPORTED_FROM_ARCHIVE
test/stage2_home_test.dart	new	CANDIDATE_TEST	new source test	COPIED_REVIEWED_ARCHIVE
test/stage2_localized_screens_test.dart	new	CANDIDATE_TEST	new source test	COPIED_REVIEWED_ARCHIVE
test/stage2_meeting_durable_test.dart	new	CANDIDATE_TEST	new source test	COPIED_REVIEWED_ARCHIVE
test/stage2_meeting_membership_test.dart	new	CANDIDATE_TEST	new source test	COPIED_REVIEWED_ARCHIVE
test/stage2_notification_navigation_test.dart	new	CANDIDATE_TEST	new source test	COPIED_REVIEWED_ARCHIVE
test/stage2_personal_chat_test.dart	new	CANDIDATE_TEST	new source test	COPIED_REVIEWED_ARCHIVE
test/stage2_profiles_test.dart	new	CANDIDATE_TEST	new source test	COPIED_REVIEWED_ARCHIVE
test/stage2_rules_test.dart	new	CANDIDATE_TEST	new source test	COPIED_REVIEWED_ARCHIVE
test/stage2_shop_layout_test.dart	new	EXCLUDE_PAYMENT_TEST	test depends on protected payment or gift implementation	NOT_IMPORTED_FROM_ARCHIVE
test/stage2_social_recovery_test.dart	new	CANDIDATE_TEST	new source test	COPIED_REVIEWED_ARCHIVE
test/stage2_test_questions_test.dart	new	CANDIDATE_TEST	new source test	COPIED_REVIEWED_ARCHIVE
test/startup_retry_test.dart	new	CANDIDATE_TEST	new source test	COPIED_REVIEWED_ARCHIVE
test/support/layout_firebase_fakes.dart	new	CANDIDATE_TEST	new source test	COPIED_REVIEWED_ARCHIVE
test/support/memory_submission_journal.dart	new	CANDIDATE_TEST	new source test	COPIED_REVIEWED_ARCHIVE
test/support/safe_write_fakes.dart	new	CANDIDATE_TEST	new source test	COPIED_REVIEWED_ARCHIVE
test/support/stage2_auth_fakes.dart	new	CANDIDATE_TEST	new source test	COPIED_REVIEWED_ARCHIVE
test/translatable_text_on_device_test.dart	new	CANDIDATE_TEST	new source test	COPIED_REVIEWED_ARCHIVE
test/translatable_text_source_language_test.dart	new	CANDIDATE_TEST	new source test	COPIED_REVIEWED_ARCHIVE
test/translatable_text_test.dart	new	CANDIDATE_TEST	new source test	COPIED_REVIEWED_ARCHIVE
test/widget_test.dart	different	HAND_MERGE_TEST	shared test changed	COPIED_REVIEWED_ARCHIVE
tool/build_l10n_catalogs.py	new	CANDIDATE_TOOL	source utility or localization build script	COPIED_REVIEWED_ARCHIVE
tool/check_translation_build_scripts.py	new	CANDIDATE_TOOL	source utility or localization build script	COPIED_REVIEWED_ARCHIVE
tool/core_regression_test.dart	new	CANDIDATE_TOOL	source utility or localization build script	COPIED_REVIEWED_ARCHIVE
tool/l10n_auth.py	new	CANDIDATE_TOOL	source utility or localization build script	COPIED_REVIEWED_ARCHIVE
tool/l10n_auth_ui.py	new	CANDIDATE_TOOL	source utility or localization build script	COPIED_REVIEWED_ARCHIVE
tool/l10n_chat_ui.py	new	CANDIDATE_TOOL	source utility or localization build script	COPIED_REVIEWED_ARCHIVE
tool/l10n_countries.py	new	CANDIDATE_TOOL	source utility or localization build script	COPIED_REVIEWED_ARCHIVE
tool/l10n_counts.py	new	CANDIDATE_TOOL	source utility or localization build script	COPIED_REVIEWED_ARCHIVE
tool/l10n_draft_copy.py	new	CANDIDATE_TOOL	source utility or localization build script	COPIED_REVIEWED_ARCHIVE
tool/l10n_dynamic_translation.py	new	CANDIDATE_TOOL	source utility or localization build script	COPIED_REVIEWED_ARCHIVE
tool/l10n_errors.py	new	CANDIDATE_TOOL	source utility or localization build script	COPIED_REVIEWED_ARCHIVE
tool/l10n_feed_notices.py	new	CANDIDATE_TOOL	source utility or localization build script	COPIED_REVIEWED_ARCHIVE
tool/l10n_feed_ui.py	new	CANDIDATE_TOOL	source utility or localization build script	COPIED_REVIEWED_ARCHIVE
tool/l10n_final_labels.py	new	CANDIDATE_TOOL	source utility or localization build script	COPIED_REVIEWED_ARCHIVE
tool/l10n_final_notices.py	new	CANDIDATE_TOOL	source utility or localization build script	COPIED_REVIEWED_ARCHIVE
tool/l10n_final_taglines.py	new	CANDIDATE_TOOL	source utility or localization build script	COPIED_REVIEWED_ARCHIVE
tool/l10n_general_ui.py	new	CANDIDATE_TOOL	source utility or localization build script	COPIED_REVIEWED_ARCHIVE
tool/l10n_gifts.py	new	EXCLUDE_PAYMENT_TOOL	payment or gift UI transformation script	NOT_IMPORTED_FROM_ARCHIVE
tool/l10n_groups.py	new	CANDIDATE_TOOL	source utility or localization build script	COPIED_REVIEWED_ARCHIVE
tool/l10n_guide.py	new	CANDIDATE_TOOL	source utility or localization build script	COPIED_REVIEWED_ARCHIVE
tool/l10n_inventory.dart	new	CANDIDATE_TOOL	source utility or localization build script	COPIED_REVIEWED_ARCHIVE
tool/l10n_meetings_profile.py	new	CANDIDATE_TOOL	source utility or localization build script	COPIED_REVIEWED_ARCHIVE
tool/l10n_more_labels.py	new	CANDIDATE_TOOL	source utility or localization build script	COPIED_REVIEWED_ARCHIVE
tool/l10n_payment_ui.py	new	EXCLUDE_PAYMENT_TOOL	payment or gift UI transformation script	NOT_IMPORTED_FROM_ARCHIVE
tool/l10n_profile_labels.py	new	CANDIDATE_TOOL	source utility or localization build script	COPIED_REVIEWED_ARCHIVE
tool/l10n_questions_balkan.py	new	CANDIDATE_TOOL	source utility or localization build script	COPIED_REVIEWED_ARCHIVE
tool/l10n_questions_central.py	new	CANDIDATE_TOOL	source utility or localization build script	COPIED_REVIEWED_ARCHIVE
tool/l10n_questions_data.py	new	CANDIDATE_TOOL	source utility or localization build script	COPIED_REVIEWED_ARCHIVE
tool/l10n_questions_nordic.py	new	CANDIDATE_TOOL	source utility or localization build script	COPIED_REVIEWED_ARCHIVE
tool/l10n_questions_remaining.py	new	CANDIDATE_TOOL	source utility or localization build script	COPIED_REVIEWED_ARCHIVE
tool/l10n_questions_west.py	new	CANDIDATE_TOOL	source utility or localization build script	COPIED_REVIEWED_ARCHIVE
tool/l10n_registration_copy.py	new	CANDIDATE_TOOL	source utility or localization build script	COPIED_REVIEWED_ARCHIVE
tool/l10n_registration_labels.py	new	CANDIDATE_TOOL	source utility or localization build script	COPIED_REVIEWED_ARCHIVE
tool/l10n_remaining_labels.py	new	CANDIDATE_TOOL	source utility or localization build script	COPIED_REVIEWED_ARCHIVE
tool/l10n_rules.py	new	CANDIDATE_TOOL	source utility or localization build script	COPIED_REVIEWED_ARCHIVE
tool/l10n_segments/countries_cldr.json	new	CANDIDATE_TOOL	source utility or localization build script	COPIED_REVIEWED_ARCHIVE
tool/l10n_segments/dynamic_translation.json	new	CANDIDATE_TOOL	source utility or localization build script	COPIED_REVIEWED_ARCHIVE
tool/l10n_segments/gifts.json	new	EXCLUDE_PAYMENT_TOOL	payment or gift UI transformation script	NOT_IMPORTED_FROM_ARCHIVE
tool/l10n_segments/meetings_profile.json	new	CANDIDATE_TOOL	source utility or localization build script	COPIED_REVIEWED_ARCHIVE
tool/l10n_segments/payment_ui.json	new	EXCLUDE_PAYMENT_TOOL	payment or gift UI transformation script	NOT_IMPORTED_FROM_ARCHIVE
tool/l10n_segments/rules.json	new	CANDIDATE_TOOL	source utility or localization build script	COPIED_REVIEWED_ARCHIVE
tool/l10n_segments/test_questions.json	new	CANDIDATE_TOOL	source utility or localization build script	COPIED_REVIEWED_ARCHIVE
tool/l10n_session_copy.py	new	CANDIDATE_TOOL	source utility or localization build script	COPIED_REVIEWED_ARCHIVE
tool/l10n_shop_ui.py	new	EXCLUDE_PAYMENT_TOOL	payment or gift UI transformation script	NOT_IMPORTED_FROM_ARCHIVE
tool/l10n_social_labels.py	new	CANDIDATE_TOOL	source utility or localization build script	COPIED_REVIEWED_ARCHIVE
tool/l10n_system_notifications.py	new	CANDIDATE_TOOL	source utility or localization build script	COPIED_REVIEWED_ARCHIVE
tool/l10n_test_ui.py	new	CANDIDATE_TOOL	source utility or localization build script	COPIED_REVIEWED_ARCHIVE
tool/local_backend/README.md	new	REVIEW_LOCAL_FIXTURE	local emulator fixture, never production configuration	NOT_IMPORTED_FROM_ARCHIVE
tool/local_backend/firebase.json	new	REVIEW_LOCAL_FIXTURE	local emulator fixture, never production configuration	NOT_IMPORTED_FROM_ARCHIVE
tool/local_backend/firestore.rules	new	REVIEW_LOCAL_FIXTURE	local emulator fixture, never production configuration	NOT_IMPORTED_FROM_ARCHIVE
tool/local_backend/photo_benchmark.dart	new	REVIEW_LOCAL_FIXTURE	local emulator fixture, never production configuration	NOT_IMPORTED_FROM_ARCHIVE
tool/local_backend/seed.py	new	REVIEW_LOCAL_FIXTURE	local emulator fixture, never production configuration	NOT_IMPORTED_FROM_ARCHIVE
tool/local_backend/seed_visual.py	new	REVIEW_LOCAL_FIXTURE	local emulator fixture, never production configuration	NOT_IMPORTED_FROM_ARCHIVE
tool/local_backend/storage.rules	new	REVIEW_LOCAL_FIXTURE	local emulator fixture, never production configuration	NOT_IMPORTED_FROM_ARCHIVE
tool/payment_ui_copy_preservation.py	new	EXCLUDE_PAYMENT_TOOL	payment or gift UI transformation script	NOT_IMPORTED_FROM_ARCHIVE
tool/security/README.md	new	REVIEW_SECURITY_RULES	draft Firebase rules and security tools require separate approval	COPIED_REVIEWED_ARCHIVE
tool/security/STRICT_RULES_REVIEW.md	new	REVIEW_SECURITY_RULES	draft Firebase rules and security tools require separate approval	COPIED_REVIEWED_ARCHIVE
tool/security/capture_profile_review.mjs	new	REVIEW_SECURITY_RULES	draft Firebase rules and security tools require separate approval	COPIED_REVIEWED_ARCHIVE
tool/security/firebase.json	new	REVIEW_SECURITY_RULES	draft Firebase rules and security tools require separate approval	COPIED_REVIEWED_ARCHIVE
tool/security/firebase.strict.json	new	REVIEW_SECURITY_RULES	draft Firebase rules and security tools require separate approval	COPIED_REVIEWED_ARCHIVE
tool/security/firestore.strict.rules	new	REVIEW_SECURITY_RULES	draft Firebase rules and security tools require separate approval	COPIED_REVIEWED_ARCHIVE
tool/security/plan_private_profile_migration.py	new	REVIEW_SECURITY_RULES	draft Firebase rules and security tools require separate approval	COPIED_REVIEWED_ARCHIVE
tool/security/private_email_transition.py	new	REVIEW_SECURITY_RULES	draft Firebase rules and security tools require separate approval	COPIED_REVIEWED_ARCHIVE
tool/security/social.required.indexes.json	new	REVIEW_SECURITY_RULES	draft Firebase rules and security tools require separate approval	COPIED_REVIEWED_ARCHIVE
tool/security/social_roles.rules	new	REVIEW_SECURITY_RULES	draft Firebase rules and security tools require separate approval	COPIED_REVIEWED_ARCHIVE
tool/security/storage.strict.rules	new	REVIEW_SECURITY_RULES	draft Firebase rules and security tools require separate approval	COPIED_REVIEWED_ARCHIVE
tool/security/test_private_email_transition.py	new	REVIEW_SECURITY_RULES	draft Firebase rules and security tools require separate approval	COPIED_REVIEWED_ARCHIVE
tool/security/test_private_email_transition_emulator.py	new	REVIEW_SECURITY_RULES	draft Firebase rules and security tools require separate approval	COPIED_REVIEWED_ARCHIVE
tool/security/test_profile_migration_emulator.py	new	REVIEW_SECURITY_RULES	draft Firebase rules and security tools require separate approval	COPIED_REVIEWED_ARCHIVE
tool/security/test_profile_migration_plan.py	new	REVIEW_SECURITY_RULES	draft Firebase rules and security tools require separate approval	COPIED_REVIEWED_ARCHIVE
tool/security/test_social_roles.py	new	REVIEW_SECURITY_RULES	draft Firebase rules and security tools require separate approval	COPIED_REVIEWED_ARCHIVE
tool/security/test_strict_rules.py	new	REVIEW_SECURITY_RULES	draft Firebase rules and security tools require separate approval	COPIED_REVIEWED_ARCHIVE
tool/security/verification_2026-09-28.json	new	EXCLUDE_EVIDENCE	test output or verification artifact	NOT_IMPORTED_FROM_ARCHIVE
verification.json	new	EXCLUDE_EVIDENCE	release status or environment evidence	NOT_IMPORTED_FROM_ARCHIVE
web/favicon.png	same	KEEP_BASE	same bytes in reviewed archive and GitHub dev	SAME_BYTES_IN_BOTH
web/icons/Icon-192.png	same	KEEP_BASE	same bytes in reviewed archive and GitHub dev	SAME_BYTES_IN_BOTH
web/icons/Icon-512.png	same	KEEP_BASE	same bytes in reviewed archive and GitHub dev	SAME_BYTES_IN_BOTH
web/icons/Icon-maskable-192.png	same	KEEP_BASE	same bytes in reviewed archive and GitHub dev	SAME_BYTES_IN_BOTH
web/icons/Icon-maskable-512.png	same	KEEP_BASE	same bytes in reviewed archive and GitHub dev	SAME_BYTES_IN_BOTH
web/index.html	different	HAND_MERGE_PLATFORM	platform config or generated registrant needs targeted comparison	COPIED_REVIEWED_ARCHIVE
web/manifest.json	different	HAND_MERGE_PLATFORM	platform config or generated registrant needs targeted comparison	COPIED_REVIEWED_ARCHIVE
windows/.gitignore	same	KEEP_BASE	same bytes in reviewed archive and GitHub dev	SAME_BYTES_IN_BOTH
windows/CMakeLists.txt	same	KEEP_BASE	same bytes in reviewed archive and GitHub dev	SAME_BYTES_IN_BOTH
windows/flutter/CMakeLists.txt	same	KEEP_BASE	same bytes in reviewed archive and GitHub dev	SAME_BYTES_IN_BOTH
windows/flutter/generated_plugin_registrant.cc	different	HAND_MERGE_PLATFORM	platform config or generated registrant needs targeted comparison	COPIED_REVIEWED_ARCHIVE
windows/flutter/generated_plugin_registrant.h	same	KEEP_BASE	same bytes in reviewed archive and GitHub dev	SAME_BYTES_IN_BOTH
windows/flutter/generated_plugins.cmake	different	HAND_MERGE_PLATFORM	platform config or generated registrant needs targeted comparison	COPIED_REVIEWED_ARCHIVE
windows/runner/CMakeLists.txt	same	KEEP_BASE	same bytes in reviewed archive and GitHub dev	SAME_BYTES_IN_BOTH
windows/runner/Runner.rc	same	KEEP_BASE	same bytes in reviewed archive and GitHub dev	SAME_BYTES_IN_BOTH
windows/runner/flutter_window.cpp	same	KEEP_BASE	same bytes in reviewed archive and GitHub dev	SAME_BYTES_IN_BOTH
windows/runner/flutter_window.h	same	KEEP_BASE	same bytes in reviewed archive and GitHub dev	SAME_BYTES_IN_BOTH
windows/runner/main.cpp	same	KEEP_BASE	same bytes in reviewed archive and GitHub dev	SAME_BYTES_IN_BOTH
windows/runner/resource.h	same	KEEP_BASE	same bytes in reviewed archive and GitHub dev	SAME_BYTES_IN_BOTH
windows/runner/resources/app_icon.ico	same	KEEP_BASE	same bytes in reviewed archive and GitHub dev	SAME_BYTES_IN_BOTH
windows/runner/runner.exe.manifest	same	KEEP_BASE	same bytes in reviewed archive and GitHub dev	SAME_BYTES_IN_BOTH
windows/runner/utils.cpp	same	KEEP_BASE	same bytes in reviewed archive and GitHub dev	SAME_BYTES_IN_BOTH
windows/runner/utils.h	same	KEEP_BASE	same bytes in reviewed archive and GitHub dev	SAME_BYTES_IN_BOTH
windows/runner/win32_window.cpp	same	KEEP_BASE	same bytes in reviewed archive and GitHub dev	SAME_BYTES_IN_BOTH
windows/runner/win32_window.h	same	KEEP_BASE	same bytes in reviewed archive and GitHub dev	SAME_BYTES_IN_BOTH
tool/security/storage.auth-only-containment.rules	post_archive_new	INCLUDE_AFTER_REVIEW	published auth-only Storage rule source	COPIED_CURRENT_SOURCE
tool/security/firebase.storage-auth-only.json	post_archive_new	INCLUDE_AFTER_REVIEW	published Storage metadata	COPIED_CURRENT_SOURCE
tool/security/deploy_storage_containment.py	post_archive_new	INCLUDE_AFTER_REVIEW	public deployment helper without credentials	COPIED_CURRENT_SOURCE
tool/security/test_storage_auth_only.py	post_archive_new	INCLUDE_AFTER_REVIEW	Storage rule source test	COPIED_CURRENT_SOURCE
server/timeweb/db/001_initial_mysql84.sql	post_archive_new	INCLUDE_AFTER_REVIEW	new MySQL 8.4 migration DDL; not executed	COPIED_CURRENT_SOURCE
server/timeweb/db/validate_mysql84_schema.py	post_archive_new	INCLUDE_AFTER_REVIEW	new MySQL DDL structural verifier	COPIED_CURRENT_SOURCE
server/timeweb/db/verify_empty_mysql84.sql	post_archive_new	INCLUDE_AFTER_REVIEW	new empty-schema verification SQL	COPIED_CURRENT_SOURCE
server/timeweb/db/MYSQL84_STAGING.md	post_archive_new	INCLUDE_AFTER_REVIEW	new MySQL staging notes	COPIED_CURRENT_SOURCE
server/timeweb/AUTH_MIGRATION_GATE.md	post_archive_new	INCLUDE_AFTER_REVIEW	new legacy-login migration gate	COPIED_CURRENT_SOURCE
tool/security/production_storage_containment_2026-09-30.json	current_private_only	EXCLUDE_PRIVATE_AUDIT	Production audit evidence and potentially sensitive metadata stay local	NOT_IMPORTED
